<?xml version="1.0" encoding="UTF-8"?>
<!DOCTYPE Envelope [
    <!ATTLIST DataItem Id ID #IMPLIED>
  ]>
<Envelope xmlns="http://iaik.at#Envelope">
  <dsig:Signature xmlns:dsig="http://www.w3.org/2000/09/xmldsig#"><dsig:SignedInfo><dsig:CanonicalizationMethod Algorithm="http://www.w3.org/TR/2001/REC-xml-c14n-20010315"/><dsig:SignatureMethod Algorithm="http://www.w3.org/2000/09/xmldsig#rsa-sha1"/><dsig:Reference Type="http://www.w3.org/2000/09/xmldsig#Manifest" URI="#manifest"><dsig:DigestMethod Algorithm="http://www.w3.org/2000/09/xmldsig#sha1"/><dsig:DigestValue>HWSzXc4PJ3nGcUilYyVJbBlxQoI=</dsig:DigestValue></dsig:Reference></dsig:SignedInfo><dsig:SignatureValue>PIqmi+PGGdCoPn/FxfIfnfYG7TfAU/zBJYHpZeQV9BPV3wtrogr0jWcC0Sjzf17e
TLOivls8dqUQTOPBjLzMQxQOcOzXMACeEy0jQyTGnyS+3Kqqw+EOznV9E+p34Y1I
6/jE5X+x8hmGfQLd/f9Aqr022lnITYzL5LJmH7TNKUk=</dsig:SignatureValue><dsig:KeyInfo><dsig:KeyValue><dsig:RSAKeyValue><dsig:Modulus>sDa5yzUv4IJmBY60GZCnkQSAhpG7tgxepi6sj3DlCzxjTtO5MNrjI9sK3WhimpNi
NDmagzNEjxP3+x1huxL19GoIxZgr5O7E/F2IInSASVZTQsvWZlNauhRs0KZAszIS
FchvrihILLoUf4tzaOSe6jgMEq6IkO0dWVpcFpAjXTc=</dsig:Modulus><dsig:Exponent>Aw==</dsig:Exponent></dsig:RSAKeyValue></dsig:KeyValue></dsig:KeyInfo><dsig:Object><dsig:Manifest Id="manifest"><dsig:Reference URI=""><dsig:Transforms><dsig:Transform Algorithm="http://www.w3.org/2000/09/xmldsig#enveloped-signature"/></dsig:Transforms><dsig:DigestMethod Algorithm="http://www.w3.org/2000/09/xmldsig#sha1"/><dsig:DigestValue>KQuoZseibY3bIurUFbyYhLCm9nY=</dsig:DigestValue></dsig:Reference><dsig:Reference URI="../samples/sampleXMLData.xml"><dsig:Transforms><dsig:Transform Algorithm="http://www.w3.org/TR/2001/REC-xml-c14n-20010315"/></dsig:Transforms><dsig:DigestMethod Algorithm="http://www.w3.org/2000/09/xmldsig#sha1"/><dsig:DigestValue>oUqpQ+ekAvoeCRjlMc1EXzrFJJA=</dsig:DigestValue></dsig:Reference></dsig:Manifest></dsig:Object></dsig:Signature><DataItem Id="DataItem">
    Some Data from IAIK
  </DataItem>
</Envelope>