--
-- PostgreSQL database dump
--

-- Dumped from database version 10.5
-- Dumped by pg_dump version 10.5

SET statement_timeout = 0;
SET lock_timeout = 0;
SET idle_in_transaction_session_timeout = 0;
SET client_encoding = 'UTF8';
SET standard_conforming_strings = on;
SELECT pg_catalog.set_config('search_path', '', false);
SET check_function_bodies = false;
SET client_min_messages = warning;
SET row_security = off;

--
-- Data for Name: messprogramm; Type: TABLE DATA; Schema: land; Owner: postgres
--

COPY land.messprogramm (id, kommentar, test, aktiv, mst_id, labor_mst_id, datenbasis_id, ba_id, gem_id, media_desk, umw_id, probenart_id, probenintervall, teilintervall_von, teilintervall_bis, intervall_offset, gueltig_von, gueltig_bis, probe_nehmer_id, mpl_id, probe_kommentar, rei_progpunkt_grp_id, kta_gruppe_id, meh_id, letzte_aenderung) FROM stdin;
3474	falls nicht lieferbar bitte Ersatzprobe aus gleichem Umweltbereich	f	t	06010	06010	2	1	\N	D: 01 25 01 01 00 00 00 00 02 00 00 00	N21	1	J	150	210	0	1	365	78	\N	\N	\N	\N	67	2011-11-21 10:36:30
3513	falls nicht lieferbar bitte Ersatzprobe anderes Fruchtgemüse	f	t	06010	06010	2	1	\N	D: 01 25 03 02 00 00 00 00 02 00 00 00	N23	1	J	1	365	0	1	365	734	\N	\N	\N	\N	67	2011-11-21 10:36:30
3558	falls nicht lieferbar bitte Ersatzprobe aus gleichem Umweltbereich	f	t	06010	06010	2	1	\N	D: 01 29 01 02 00 00 00 00 02 00 00 00	N44	1	J	180	365	0	1	365	92	\N	\N	\N	\N	67	2011-11-21 10:36:30
3564	falls nicht lieferbar bitte Ersatzprobe aus gleichem Umweltbereich	f	t	06010	06010	2	1	\N	D: 01 29 03 07 00 00 00 00 00 00 00 00	N43	1	J	150	365	0	1	365	78	\N	\N	\N	\N	67	2011-11-21 10:36:40
3580	\N	f	t	06010	06010	2	1	\N	D: 01 24 01 00 00 00 00 00 00 00 00 00	N25	1	J	90	365	0	1	365	734	\N	\N	\N	\N	67	2011-11-21 10:36:30
3582	Dieter's Wurstladen GbR, Brunnengasse 4, 54397 Modautal OT Lützelbach	f	t	06060	06060	2	1	\N	D: 01 06 02 00 00 00 00 00 00 00 00 00	N51	1	Q	30	92	0	1	365	714	\N	\N	\N	\N	67	2012-11-08 14:33:01
3626	Schwälbchen Molkerei, Bad Schwalbach	f	t	06060	06060	2	1	\N	D: 01 01 01 07 02 00 00 00 00 00 00 00	N11	1	M	15	21	0	1	90	727	\N	\N	\N	\N	63	2017-10-12 13:21:00
3676	\N	f	t	06010	06010	2	1	\N	D: 04 01 24 84 00 00 60 15 00 31 07 00	B34	1	J	92	112	0	1	365	60	\N	\N	\N	\N	65	2018-10-17 10:41:24
3678	\N	f	t	06010	06010	2	1	\N	D: 04 01 42 28 00 00 10 08 00 31 03 00	B31	1	J	92	112	0	1	365	60	\N	\N	\N	\N	65	2018-10-17 10:41:55
3710	\N	f	t	06010	06010	2	1	\N	D: 04 02 42 26 00 00 01 25 00 31 03 00	B32	1	J	92	112	0	1	365	60	\N	\N	\N	\N	65	2018-10-17 10:42:25
3716	\N	f	t	06010	06010	2	1	\N	D: 04 01 98 01 00 00 23 07 00 72 03 00	B33	1	J	92	112	0	1	365	60	\N	A76, A0-Horizont: Probenahmetiefe (Mächtigkeit der Humusschicht) notieren!	\N	\N	65	2018-10-17 10:43:53
3730	\N	f	t	06060	06060	2	1	\N	D: 06 02 00 01 00 00 01 02 02 00 00 00	G11	1	Q	43	56	0	1	365	60	\N	\N	\N	\N	63	2018-10-17 10:45:25
3734	\N	f	t	06010	06010	2	1	\N	D: 06 05 00 01 00 00 00 06 00 00 01 00	G12	3	Q	22	49	0	1	365	60	\N	\N	\N	\N	65	2018-10-17 10:46:17
3746	WW Eschollbrücken	f	t	06010	06010	2	1	\N	D: 01 59 03 01 01 02 05 01 02 00 00 00	N71	1	H	127	183	0	1	365	716	\N	\N	\N	\N	63	2018-10-17 12:59:24
3749	WW Wiesbaden-Schierstein	f	t	06010	06010	2	1	\N	D: 01 59 03 01 01 03 03 01 02 00 00 00	N71	1	H	127	133	0	1	365	726	\N	\N	\N	\N	63	2018-10-17 12:58:42
3755	Wasserwerk 'Neue Mühle'	f	t	06010	06010	2	1	\N	D: 01 59 05 01 05 05 05 01 02 00 00 00	N73	1	Q	36	92	0	1	365	724	\N	\N	\N	\N	63	2013-10-30 12:43:23
3775	\N	f	t	06010	06010	2	1	\N	D: 08 02 04 01 00 00 04 02 00 00 00 00	A13	1	Q	8	92	0	1	365	60	\N	\N	\N	\N	65	2018-10-17 10:52:51
3782	\N	f	t	06010	06010	2	1	\N	D: 08 01 03 01 00 00 00 06 00 00 00 00	A11	1	Q	8	92	0	1	365	60	\N	\N	\N	\N	63	2018-10-17 10:54:41
3786	\N	f	t	06010	06010	2	1	\N	D: 09 02 08 00 00 00 00 00 00 00 00 00	A31	1	H	127	183	0	1	365	60	\N	\N	\N	\N	63	2018-10-17 10:55:35
3792	\N	f	t	06010	06010	2	1	\N	D: 09 01 24 05 00 00 00 00 00 00 00 00	A21	1	H	64	183	0	1	365	60	\N	\N	\N	\N	65	2018-10-17 10:55:53
3796	\N	f	t	06010	06010	2	1	\N	D: 09 01 07 01 00 00 00 00 00 00 00 00	A22	1	H	64	183	0	1	365	60	\N	\N	\N	\N	65	2018-10-17 10:56:38
3797	\N	f	t	06010	06010	2	1	\N	D: 09 01 16 01 00 00 00 00 00 00 00 00	A23	1	H	64	183	0	1	365	60	\N	\N	\N	\N	65	2018-10-17 10:56:55
3798	Filtrat der Waschwasserreinigung	f	t	06010	06010	2	1	\N	D: 09 01 14 05 00 00 00 00 00 00 00 00	A24	1	H	64	183	0	1	365	60	\N	\N	\N	\N	63	2018-10-17 10:57:11
3801	\N	f	t	06060	06060	2	1	\N	D: 09 03 02 00 00 00 00 00 00 00 00 00	A41	1	H	127	183	0	1	365	60	\N	\N	\N	\N	65	2015-05-12 11:38:19
7051	Gesamtnahrung JVA	f	t	11010	11010	2	1	\N	D: 01 50 90 01 06 02 05 00 00 00 00 00	N81	3	W2	1	14	0	1	365	\N	\N	\N	\N	\N	69	2011-11-21 10:36:52
7053	\N	f	t	11010	11010	2	1	\N	D: 01 01 01 06 01 02 00 20 00 00 00 00	N12	1	M	1	31	0	1	365	\N	\N	\N	\N	\N	63	2014-10-07 11:38:22
7057	Gras; Friedenau	f	t	11010	11010	2	1	\N	D: 03 09 01 00 00 00 00 00 00 00 00 00	I13	1	J	127	273	0	1	365	\N	\N	\N	\N	\N	65	2011-11-21 10:36:52
7063	Weidegras; Lübars I	f	t	11010	11010	2	1	\N	D: 02 01 05 00 00 00 00 00 00 00 00 00	F11	1	J	106	168	0	1	365	\N	\N	\N	\N	\N	67	2011-11-21 10:36:52
7069	Sonnenblumenkernschrot, Import	f	t	11010	11010	2	1	\N	D: 02 06 48 00 00 00 00 00 00 00 00 00	F62	1	J	1	365	0	1	365	\N	\N	\N	\N	\N	65	2011-11-21 10:36:52
7077	Müggelsee	f	t	11010	11010	2	1	\N	D: 06 02 00 02 00 00 01 06 02 00 00 00	G21	3	Q	1	92	0	1	365	\N	\N	\N	\N	\N	63	2011-11-21 10:36:52
7083	Müggelsee	f	t	11010	11010	2	1	\N	D: 06 04 05 02 00 00 00 02 01 01 00 00	G23	1	Q	1	92	0	1	365	\N	\N	\N	\N	\N	65	2011-11-21 10:36:52
7086	Spree; Sophienwerder	f	t	11010	11010	2	1	\N	D: 06 04 05 01 00 00 00 02 01 01 00 00	G13	1	Q	1	92	0	1	365	\N	\N	\N	\N	\N	65	2011-11-21 10:36:52
7089	Müggelsee	f	t	11010	11010	2	1	\N	D: 06 05 00 02 00 00 00 01 00 00 00 00	G22	1	Q	1	92	0	1	365	\N	\N	\N	\N	\N	65	2011-11-21 10:36:52
7095	Beelitzhof; Rohwasser	f	t	11010	11010	2	1	\N	D: 01 59 01 01 05 02 03 03 01 01 00 00	G51	1	J	8	91	0	1	365	\N	\N	\N	\N	\N	63	2011-11-21 10:36:57
7101	Ringbahnstraße	f	t	11010	11010	2	1	\N	D: 06 03 00 01 00 00 01 03 00 00 00 00	G41	1	H	1	183	0	1	365	\N	\N	\N	\N	\N	63	2011-11-21 10:36:57
7107	Barsch; Mueggelsee	f	t	11010	11010	2	1	\N	D: 01 10 32 05 01 02 02 01 02 00 00 00	N61	1	J	85	343	0	1	365	\N	\N	\N	\N	\N	67	2012-07-19 07:31:01
10303	Import	f	t	12020	12020	2	1	\N	D: 01 03 52 00 00 00 00 00 00 00 00 00	N92	1	J	1	30	0	1	365	784	\N	n_im04	\N	\N	67	2011-11-21 10:37:04
10786	Prestewitz	f	t	12020	12020	2	1	\N	D: 02 01 10 00 00 00 00 00 00 00 00 00	F12	1	J	90	180	0	1	365	2309	\N	n_pf07	\N	\N	65	2014-12-03 14:22:49
12671	Fa. Milupa, Werk Fulda	f	t	06010	06010	2	1	\N	D: 01 48 00 00 00 00 00 00 00 00 00 00	N82	1	H	90	183	0	1	365	729	\N	\N	\N	\N	67	2011-11-21 10:36:37
13165	Spinat	f	t	11010	11010	2	1	\N	D: 01 25 01 14 01 02 02 00 02 00 00 00	N21	1	J	141	182	0	1	365	\N	\N	\N	\N	\N	67	2011-11-21 10:36:44
13187	Gtreide, Import	f	t	11010	11010	2	1	\N	D: 01 15 06 01 01 02 01 00 00 00 00 00	N3Z	1	J	1	365	0	1	365	\N	\N	\N	\N	\N	67	2011-11-21 10:36:49
13189	Hirse; Afrika	f	t	11010	11010	2	1	\N	D: 01 15 08 01 01 02 01 00 00 00 00 00	N3Z	1	J	1	365	0	1	365	\N	\N	\N	\N	\N	67	2011-11-21 10:36:44
13191	Äpfel	f	t	11010	11010	2	1	\N	D: 01 29 02 01 01 02 02 00 02 00 00 00	N42	1	J	218	294	0	1	365	\N	\N	\N	\N	\N	67	2011-11-21 10:36:44
13197	Birnen; Argentinien	f	t	11010	11010	2	1	\N	D: 01 29 02 02 01 02 02 00 00 00 00 00	N42	1	J	1	365	0	1	365	\N	\N	\N	\N	\N	67	2011-11-21 10:37:04
13198	Pflaumen; Ungarn	f	t	11010	11010	2	1	\N	D: 01 29 03 05 01 02 02 00 00 00 00 00	N43	1	J	1	365	0	1	365	\N	\N	\N	\N	\N	67	2011-11-21 10:37:04
13211	Schweinefleisch	f	t	11010	11010	2	1	\N	D: 01 06 16 99 01 02 02 20 00 00 00 00	N53	1	Q	1	92	0	1	365	\N	\N	\N	\N	\N	67	2011-11-21 10:37:04
13218	Kalbfleisch; FU	f	t	11010	11010	2	1	\N	D: 01 06 09 99 01 02 02 11 00 00 00 00	N52	1	H	1	183	0	1	365	\N	\N	\N	\N	\N	67	2013-01-17 08:30:06
13219	Pourlade	f	t	11010	11010	2	1	\N	D: 01 06 35 01 01 02 02 20 00 00 00 00	N54	1	J	1	365	0	1	365	\N	\N	\N	\N	\N	67	2011-11-21 10:37:04
18310	aus hessischer Aufzucht, ersatzweise Wild aus Hessen 	f	t	06010	06010	2	1	\N	D: 01 06 23 00 00 00 00 00 00 00 00 00	N55	1	H	1	183	0	1	365	734	\N	\N	\N	\N	67	2011-11-21 10:36:37
18312	Tiefkühlware; bitte Fanggebiet und Produktionsmethode angeben	f	t	06010	06010	2	1	\N	D: 01 12 01 00 00 00 00 00 00 00 00 00	N63	1	H	1	183	0	1	365	734	\N	\N	\N	\N	67	2011-11-21 10:36:37
18313	Frischfisch, ersatzw. Tiefkühlware; Fanggebiet und Produktionsmethode angeben	f	t	06010	06010	2	1	\N	D: 01 10 65 00 00 00 00 00 00 00 00 00	N61	1	J	1	365	0	1	365	734	\N	\N	\N	\N	67	2011-11-21 10:36:37
18319	falls nicht lieferbar bitte Ersatzprobe and. Frischkäse Fettstufe	f	t	06010	06010	2	1	\N	D: 01 03 26 03 00 00 00 00 00 00 00 00	N91	1	J	1	365	0	1	365	734	\N	\N	\N	\N	67	2011-11-21 10:36:37
18607	\N	f	t	12010	12010	2	85	\N	D: 01 02 07 03 00 00 00 00 00 00 00 00	N94	1	J	60	90	0	1	365	1199	\N	o_mi02	\N	\N	64	2011-11-21 10:36:44
25399	\N	f	t	06010	06010	2	1	\N	D: 00 00 00 00 00 00 00 00 00 00 00 00	N	1	T	1	1	0	1	365	977	716	\N	\N	\N	67	2018-01-02 07:41:34
37464	falls nicht lieferbar bitte Ersatzprobe aus gleichem Umweltbereich	f	t	06010	06010	2	1	\N	D: 01 25 02 25 00 00 00 00 02 00 00 00	N24	1	J	150	365	0	1	365	92	\N	\N	\N	\N	67	2011-11-21 10:37:24
\.


--
-- Data for Name: messprogramm_mmt; Type: TABLE DATA; Schema: land; Owner: postgres
--

COPY land.messprogramm_mmt (id, messprogramm_id, mmt_id, messgroessen, letzte_aenderung) FROM stdin;
16	3558	G1	{}	2000-01-01 00:00:00
25	3582	G1	{}	2000-01-01 00:00:00
37	3626	BS	{}	2000-01-01 00:00:00
56	3676	G1	{}	2000-01-01 00:00:00
58	3710	BS	{}	2000-01-01 00:00:00
65	3730	G1	{}	2000-01-01 00:00:00
71	3746	BS	{}	2000-01-01 00:00:00
73	3749	A1	{}	2000-01-01 00:00:00
74	3749	G1	{}	2000-01-01 00:00:00
87	3775	G1	{}	2000-01-01 00:00:00
1148	10786	G1	{}	2000-01-01 00:00:00
1573	7077	BH	{}	2000-01-01 00:00:00
2595	7053	BS	{}	2000-01-01 00:00:00
2601	7063	G1	{}	2000-01-01 00:00:00
2605	7069	G1	{}	2000-01-01 00:00:00
2610	7077	BS	{}	2000-01-01 00:00:00
2611	7077	G1	{}	2000-01-01 00:00:00
2625	7095	A1	{}	2000-01-01 00:00:00
3327	3513	G1	{}	2000-01-01 00:00:00
3361	3564	G1	{}	2000-01-01 00:00:00
3372	3580	G1	{}	2000-01-01 00:00:00
3392	3626	G1	{}	2000-01-01 00:00:00
3424	3676	BS	{}	2000-01-01 00:00:00
3426	3678	G1	{}	2000-01-01 00:00:00
3428	3710	G1	{}	2000-01-01 00:00:00
3432	3716	BS	{}	2000-01-01 00:00:00
3433	3716	G1	{}	2000-01-01 00:00:00
3440	3730	BH	{}	2000-01-01 00:00:00
3445	3734	G1	{}	2000-01-01 00:00:00
3451	3746	A1	{}	2000-01-01 00:00:00
3452	3746	G1	{}	2000-01-01 00:00:00
3456	3749	BS	{}	2000-01-01 00:00:00
3462	3755	G1	{}	2000-01-01 00:00:00
4887	13191	G1	{}	2000-01-01 00:00:00
4891	13198	G1	{}	2000-01-01 00:00:00
4897	13211	G1	{}	2000-01-01 00:00:00
4899	13219	G1	{}	2000-01-01 00:00:00
5714	18310	G1	{}	2000-01-01 00:00:00
6586	3746	BH	{}	2000-01-01 00:00:00
6594	18607	G1	{}	2000-01-01 00:00:00
7598	3749	BH	{}	2000-01-01 00:00:00
7600	18312	G1	{}	2000-01-01 00:00:00
7601	18313	G1	{}	2000-01-01 00:00:00
7603	18319	G1	{}	2000-01-01 00:00:00
7687	7101	BH	{}	2000-01-01 00:00:00
7789	25399	G1	{}	2000-01-01 00:00:00
9276	10303	G1	{}	2000-01-01 00:00:00
10067	3782	G1	{}	2000-01-01 00:00:00
10071	3786	BH	{}	2000-01-01 00:00:00
10072	3786	G1	{}	2000-01-01 00:00:00
10073	3792	G1	{}	2000-01-01 00:00:00
10077	3796	G1	{}	2000-01-01 00:00:00
10078	3797	G1	{}	2000-01-01 00:00:00
10079	3798	G1	{}	2000-01-01 00:00:00
10081	3801	G1	{}	2000-01-01 00:00:00
10224	7051	G1	{}	2000-01-01 00:00:00
10225	7053	G1	{}	2000-01-01 00:00:00
10226	7057	G1	{}	2000-01-01 00:00:00
10228	7063	BS	{}	2000-01-01 00:00:00
10233	7077	A1	{}	2000-01-01 00:00:00
10238	7083	G1	{}	2000-01-01 00:00:00
10239	7086	G1	{}	2000-01-01 00:00:00
10240	7089	G1	{}	2000-01-01 00:00:00
10242	7095	BS	{}	2000-01-01 00:00:00
10243	7095	G1	{}	2000-01-01 00:00:00
10252	7101	A1	{}	2000-01-01 00:00:00
10253	7101	BS	{}	2000-01-01 00:00:00
10254	7101	G1	{}	2000-01-01 00:00:00
10262	7107	G1	{}	2000-01-01 00:00:00
10471	13165	G1	{}	2000-01-01 00:00:00
10481	13187	G1	{}	2000-01-01 00:00:00
10482	13189	G1	{}	2000-01-01 00:00:00
10486	13197	G1	{}	2000-01-01 00:00:00
10492	13218	G1	{}	2000-01-01 00:00:00
14375	12671	BS	{}	2000-01-01 00:00:00
14376	12671	G1	{}	2000-01-01 00:00:00
14660	7095	BH	{}	2000-01-01 00:00:00
15198	3474	G1	{}	2000-01-01 00:00:00
16266	37464	G1	{}	1970-01-01 00:00:00
\.


--
-- Data for Name: ortszuordnung_mp; Type: TABLE DATA; Schema: land; Owner: postgres
--

COPY land.ortszuordnung_mp (id, messprogramm_id, ort_id, ortszuordnung_typ, ortszusatztext, letzte_aenderung, tree_modified) FROM stdin;
1347	3474	6832	E	\N	2018-11-01 10:03:35.817352	2018-11-01 10:03:35.817352
1381	3513	1385	E	\N	2018-11-01 10:03:35.817352	2018-11-01 10:03:35.817352
1423	3558	2083	E	\N	2018-11-01 10:03:35.817352	2018-11-01 10:03:35.817352
1429	3564	1973	E	\N	2018-11-01 10:03:35.817352	2018-11-01 10:03:35.817352
1443	3580	1385	E	\N	2018-11-01 10:03:35.817352	2018-11-01 10:03:35.817352
1458	3626	1963	E	\N	2018-11-01 10:03:35.817352	2018-11-01 10:03:35.817352
1501	3676	6864	E	\N	2018-11-01 10:03:35.817352	2018-11-01 10:03:35.817352
1503	3678	6284	E	\N	2018-11-01 10:03:35.817352	2018-11-01 10:03:35.817352
1505	3710	2015	E	\N	2018-11-01 10:03:35.817352	2018-11-01 10:03:35.817352
1511	3716	6815	E	\N	2018-11-01 10:03:35.817352	2018-11-01 10:03:35.817352
1517	3730	6005	E	\N	2018-11-01 10:03:35.817352	2018-11-01 10:03:35.817352
1521	3734	1865	E	\N	2018-11-01 10:03:35.817352	2018-11-01 10:03:35.817352
1530	3746	1879	E	\N	2018-11-01 10:03:35.817352	2018-11-01 10:03:35.817352
1533	3749	1880	E	\N	2018-11-01 10:03:35.817352	2018-11-01 10:03:35.817352
1539	3755	6011	E	\N	2018-11-01 10:03:35.817352	2018-11-01 10:03:35.817352
1558	3775	6006	E	\N	2018-11-01 10:03:35.817352	2018-11-01 10:03:35.817352
1565	3782	6006	E	\N	2018-11-01 10:03:35.817352	2018-11-01 10:03:35.817352
1568	3786	1864	E	\N	2018-11-01 10:03:35.817352	2018-11-01 10:03:35.817352
1569	3792	1871	E	\N	2018-11-01 10:03:35.817352	2018-11-01 10:03:35.817352
1573	3796	6007	E	\N	2018-11-01 10:03:35.817352	2018-11-01 10:03:35.817352
1574	3797	6007	E	\N	2018-11-01 10:03:35.817352	2018-11-01 10:03:35.817352
1575	3798	1871	E	\N	2018-11-01 10:03:35.817352	2018-11-01 10:03:35.817352
1577	3801	1418	E	\N	2018-11-01 10:03:35.817352	2018-11-01 10:03:35.817352
1962	7051	4013	E	\N	2018-11-01 10:03:35.817352	2018-11-01 10:03:35.817352
1964	7053	4008	E	\N	2018-11-01 10:03:35.817352	2018-11-01 10:03:35.817352
1965	7057	4014	E	\N	2018-11-01 10:03:35.817352	2018-11-01 10:03:35.817352
1970	7063	6994	E	\N	2018-11-01 10:03:35.817352	2018-11-01 10:03:35.817352
1979	7077	3993	E	\N	2018-11-01 10:03:35.817352	2018-11-01 10:03:35.817352
1985	7083	3993	E	\N	2018-11-01 10:03:35.817352	2018-11-01 10:03:35.817352
1988	7086	3984	E	\N	2018-11-01 10:03:35.817352	2018-11-01 10:03:35.817352
1991	7089	3993	E	\N	2018-11-01 10:03:35.817352	2018-11-01 10:03:35.817352
1995	7095	3998	E	\N	2018-11-01 10:03:35.817352	2018-11-01 10:03:35.817352
2000	7101	4002	E	\N	2018-11-01 10:03:35.817352	2018-11-01 10:03:35.817352
2005	7107	3992	E	\N	2018-11-01 10:03:35.817352	2018-11-01 10:03:35.817352
2711	10303	4059	E	\N	2018-11-01 10:03:35.817352	2018-11-01 10:03:35.817352
2984	10786	7037	E	\N	2018-11-01 10:03:35.817352	2018-11-01 10:03:35.817352
3809	12671	2062	E	\N	2018-11-01 10:03:35.817352	2018-11-01 10:03:35.817352
3957	13165	6990	E	\N	2018-11-01 10:03:35.817352	2018-11-01 10:03:35.817352
3977	13191	6990	E	\N	2018-11-01 10:03:35.817352	2018-11-01 10:03:35.817352
3986	13211	4008	E	\N	2018-11-01 10:03:35.817352	2018-11-01 10:03:35.817352
3989	13218	4008	E	\N	2018-11-01 10:03:35.817352	2018-11-01 10:03:35.817352
3990	13219	4008	E	\N	2018-11-01 10:03:35.817352	2018-11-01 10:03:35.817352
4322	18310	1364	E	\N	2018-11-01 10:03:35.817352	2018-11-01 10:03:35.817352
4324	18312	1385	E	\N	2018-11-01 10:03:35.817352	2018-11-01 10:03:35.817352
4325	18313	1385	E	\N	2018-11-01 10:03:35.817352	2018-11-01 10:03:35.817352
4331	18319	1385	E	\N	2018-11-01 10:03:35.817352	2018-11-01 10:03:35.817352
4339	18607	7085	E	\N	2018-11-01 10:03:35.817352	2018-11-01 10:03:35.817352
6210	3582	1926	E	\N	2018-11-01 10:03:36.07174	2018-11-01 10:03:36.07174
6666	7069	4023	E	\N	2018-11-01 10:03:36.07174	2018-11-01 10:03:36.07174
7956	13187	4023	E	\N	2018-11-01 10:03:36.07174	2018-11-01 10:03:36.07174
7958	13189	4023	E	\N	2018-11-01 10:03:36.07174	2018-11-01 10:03:36.07174
7960	13197	4023	E	\N	2018-11-01 10:03:36.07174	2018-11-01 10:03:36.07174
7961	13198	4023	E	\N	2018-11-01 10:03:36.07174	2018-11-01 10:03:36.07174
8531	25399	1895	E	\N	2018-11-01 10:03:36.07174	2018-11-01 10:03:36.07174
9422	37464	2084	E	\N	2018-11-01 10:03:36.07174	2018-11-01 10:03:36.07174
10405	18310	1885	U	\N	2018-11-01 10:03:36.600142	2018-11-01 10:03:36.600142
11121	3513	6314	U	\N	2018-11-01 10:03:36.708329	2018-11-01 10:03:36.708329
11126	3580	6314	U	\N	2018-11-01 10:03:36.708329	2018-11-01 10:03:36.708329
11179	7069	4029	U	\N	2018-11-01 10:03:36.708329	2018-11-01 10:03:36.708329
11266	10303	7901	U	\N	2018-11-01 10:03:36.708329	2018-11-01 10:03:36.708329
11379	13187	7013	U	\N	2018-11-01 10:03:36.708329	2018-11-01 10:03:36.708329
11381	13189	7013	U	\N	2018-11-01 10:03:36.708329	2018-11-01 10:03:36.708329
11383	13197	7008	U	\N	2018-11-01 10:03:36.708329	2018-11-01 10:03:36.708329
11384	13198	4031	U	\N	2018-11-01 10:03:36.708329	2018-11-01 10:03:36.708329
11448	18312	6314	U	\N	2018-11-01 10:03:36.708329	2018-11-01 10:03:36.708329
11449	18313	6314	U	\N	2018-11-01 10:03:36.708329	2018-11-01 10:03:36.708329
11454	18319	6314	U	\N	2018-11-01 10:03:36.708329	2018-11-01 10:03:36.708329
\.


--
-- Name: messprogramm_id_seq; Type: SEQUENCE SET; Schema: land; Owner: postgres
--

SELECT pg_catalog.setval('land.messprogramm_id_seq', 37464, true);


--
-- Name: messprogramm_mmt_id_seq; Type: SEQUENCE SET; Schema: land; Owner: postgres
--

SELECT pg_catalog.setval('land.messprogramm_mmt_id_seq', 16266, true);


--
-- Name: ortszuordnung_mp_id_seq; Type: SEQUENCE SET; Schema: land; Owner: postgres
--

SELECT pg_catalog.setval('land.ortszuordnung_mp_id_seq', 11454, true);


--
-- PostgreSQL database dump complete
--

