--
-- PostgreSQL database dump
--

SET statement_timeout = 0;
SET lock_timeout = 0;
SET client_encoding = 'UTF8';
SET standard_conforming_strings = on;
SET check_function_bodies = false;
SET client_min_messages = warning;


SET search_path = land, pg_catalog;

--
-- TOC entry 4685 (class 0 OID 535642)
-- Dependencies: 226
-- Data for Name: probe; Type: TABLE DATA; Schema: land; Owner: lada
--

SET SESSION AUTHORIZATION DEFAULT;

ALTER TABLE probe DISABLE TRIGGER ALL;

COPY probe (id, test, netzbetreiber_id, mst_id, labor_mst_id, hauptproben_nr, datenbasis_id, ba_id, probenart_id, media_desk, media, umw_id, probeentnahme_beginn, probeentnahme_ende, mittelungsdauer, letzte_aenderung, erzeuger_id, probe_nehmer_id, mp_kat, mpl_id, mpr_id, solldatum_beginn, solldatum_ende, tree_modified) FROM stdin;
727	t	06	06112	06112	0124	2	1	1			N41	2016-03-07 12:40:59+01	2016-03-07 12:40:59+01	\N	2016-03-07 12:41:20	\N	1	 		\N	\N	\N	2016-03-17 09:19:04.94469
724	t	11	11010	11010	123456789	2	1	1	D: 08 01 00 00 00 00 00 00 00 00 00 00	Deponie	A11	2016-03-07 08:33:04+01	2016-03-07 08:33:04+01	\N	2016-03-07 08:35:29.318	\N	1	 		\N	\N	\N	2016-03-17 09:19:04.94469
660	f	12	12020	12020	N0013KE12	2	1	1	D: 01 03 52 02 00 00 00 00 00 00 00	Schafkäse	N92	2012-01-26 11:30:00+01	\N	\N	2012-02-22 12:38:39	\N	784	1	\N	10303	2012-01-01 00:00:00	2012-01-31 21:59:59	2016-03-17 09:19:04.94469
728	t	12	12020	12020	121212	2	1	1	D: 02 01 01 00 00 02 00 00 00 00 00 14	Grünfutter	F11	2016-01-01 14:55:00+01	2016-02-01 14:55:00+01	\N	2016-03-07 14:58:10	\N	3	 		\N	\N	\N	2016-03-17 09:19:04.94469
729	t	12	12010	12010	123123123	2	1	1	D: 08 01 00 00 00 00 00 00 00 00 00 00	Abwasser	A11	2016-03-06 15:38:00+01	\N	\N	2016-03-07 15:41:49	\N	\N	 		\N	\N	\N	2016-03-17 09:19:04.94469
725	t	11	11010	11010	1234567	2	1	1	D: 08 01 01 00 00 00 00 00 00 00 00 00		A11	2016-03-01 11:19:00+01	2016-03-07 11:19:56+01	\N	2016-03-08 12:34:33.653	\N	\N	 		\N	\N	\N	2016-03-17 09:19:04.94469
731	f	11	11010	11010	\N	2	\N	3	D: 50 90 01 06 02 05 00 00 00 00 00 00	\N	N81	\N	\N	\N	\N	\N	\N	\N	\N	\N	2016-03-02 12:43:00	2016-03-31 12:43:31.984	2016-03-17 09:19:04.94469
733	f	11	11010	11010	\N	2	\N	3	D: 50 90 01 06 02 05 00 00 00 00 00 00	\N	N81	\N	\N	\N	\N	\N	\N	\N	\N	\N	2016-05-01 12:43:00	2016-05-30 12:43:31.984	2016-03-17 09:19:04.94469
409	f	12	12010	12010	A0239MP12	2	U	1	D: 01 02 07 03 00 00 00 00 00 00 00	Magermilchpulver	N94	2012-03-15 11:00:00+01	\N	\N	2012-03-26 16:31:35	\N	1199	U	\N	18607	2012-03-01 00:00:00	2012-03-31 21:59:59	2016-03-17 09:19:04.94469
42	f	06	06010	06010	120109003	2	1	1	D: 01 03 26 03 04 02 00 00 00 00 00	Frischkäse Fettstufe auch mit Gewürzen/Kräutern	N91	2012-01-04 08:00:00+01	\N	\N	2012-01-23 08:48:21	\N	734	1	\N	18319	2012-01-01 00:00:00	2012-01-31 21:59:59	2016-03-17 09:19:04.94469
313	f	11	11010	11010	122200001	2	1	1	D: 01 06 35 04 01 02 02 20 00 00 00	Suppenhuhn auch tiefgefroren	N54	2012-02-24 09:30:00+01	2012-02-24 09:30:00+01	\N	2012-03-01 13:35:02	\N	\N	1	\N	13219	2012-01-01 00:00:00	2012-12-31 21:59:59	2016-03-17 09:19:04.94469
311	f	11	11010	11010	122100011	2	1	1	D: 01 06 40 04 01 02 02 11 00 00 00	Fleischteilstück Reh auch tiefgefroren	N56	2012-06-04 10:00:00+02	2012-06-04 10:00:00+02	\N	2012-06-18 08:47:25	\N	\N	1	\N	13218	2012-01-01 00:00:00	2012-06-30 21:59:59	2016-03-17 09:19:04.94469
112	f	11	11010	11010	122800001	2	1	1	D: 01 01 01 02 01 02 00 20 00 00 00	Milch ab Hof	A13	2012-01-10 09:30:00+01	2012-01-10 09:30:00+01	\N	2016-03-07 10:29:55.669	\N	\N	1	\N	7053	2012-01-09 00:00:00	2012-01-15 21:59:59	2016-03-17 09:19:04.94469
726	t	06	06010	06010	9876	2	1	9	D: 01 24 01 03 05 00 00 00 00 00 00 00		N25	2016-03-01 11:30:00+01	2016-03-02 11:30:00+01	\N	2016-03-07 11:52:22.289	\N	13	 		\N	\N	\N	2016-03-17 09:19:04.94469
117	f	06	06060	06060	14206	2	1	1	D: 01 01 01 01 02 00 00 00 00 00 00	Sammelmilch	N11	2012-01-25 11:00:00+01	\N	\N	2012-01-27 17:04:47	553	727	1	\N	3626	2012-01-23 00:00:00	2012-01-29 21:59:59	2016-03-17 09:19:04.94469
730	t	12	12010	12010	gro-m1234-1	2	1	1			A11	2016-03-04 15:00:00+01	\N	\N	2016-03-07 15:42:05	\N	\N	 		\N	\N	\N	2016-03-17 09:19:04.94469
732	f	11	11010	11010	\N	2	\N	3	D: 50 90 01 06 02 05 00 00 00 00 00 00	\N	N81	\N	\N	\N	\N	\N	\N	\N	\N	\N	2016-04-01 12:43:00	2016-04-30 12:43:31.984	2016-03-17 09:19:04.94469
307	f	11	11010	11010	122100004	2	1	1	D: 01 06 16 19 01 02 02 20 00 00 00	Schnitzel Schwein auch tiefgefroren	N53	2012-02-24 09:30:00+01	2012-02-24 09:30:00+01	\N	2012-03-01 13:35:02	\N	\N	1	\N	13211	2012-01-01 00:00:00	2012-03-31 21:59:59	2016-03-17 09:19:04.94469
203	f	11	11010	11010	122400003	2	1	1	D: 01 10 29 50 01 02 05 01 02 00 00	Schleie (Tinca tinca) Süßwasserfisch	N61	2012-06-01 09:00:00+02	2012-06-01 09:00:00+02	\N	2012-06-11 11:16:53	\N	\N	1	\N	7107	2012-03-26 00:00:00	2012-12-09 21:59:59	2016-03-17 09:19:04.94469
357	f	06	06010	06010	120110255	2	1	1	D: 01 12 01 13 04 02 02 00 00 00 00	Tiefseegarnele (Pandalus sp.)	N63	2012-01-10 10:00:00+01	\N	\N	2012-01-19 11:08:01	\N	734	1	\N	18312	2012-01-01 00:00:00	2012-01-31 21:59:59	2016-03-17 09:19:04.94469
292	f	11	11010	11010	121300007	2	1	1	D: 01 15 01 01 01 02 01 00 00 00 00	Weizenkörner	N31	2012-01-27 10:15:00+01	2012-01-27 10:15:00+01	\N	2012-02-01 09:11:02	\N	\N	1	\N	13187	2012-01-01 00:00:00	2012-12-31 21:59:59	2016-03-17 09:19:04.94469
294	f	11	11010	11010	121300009	2	1	1	D: 01 15 06 03 01 02 01 00 00 00 00	Langkornreis	N3Z	2012-01-27 10:45:00+01	2012-01-27 10:45:00+01	\N	2012-02-01 09:12:36	\N	\N	1	\N	13189	2012-01-01 00:00:00	2012-12-31 21:59:59	2016-03-17 09:19:04.94469
25	f	06	06010	06010	120614003	2	1	1	D: 01 29 01 02 00 00 00 00 02 00 00	Erdbeere	N44	2012-06-14 08:00:00+02	\N	\N	2012-06-19 09:32:23	\N	92	1	\N	3558	2012-07-01 00:00:00	2012-07-31 21:59:59	2016-03-17 09:19:04.94469
145	f	06	06010	06010	120425002	2	1	1	D: 01 24 01 02 04 00 00 00 00 00 00	Kartoffel festkochend (Salatware)	N25	2012-04-24 11:00:00+02	\N	\N	2012-06-12 13:43:03	\N	734	1	\N	3580	2012-04-01 00:00:00	2012-04-30 21:59:59	2016-03-17 09:19:04.94469
4	f	06	06010	06010	120619003	2	1	1	D: 01 25 01 01 00 00 00 00 02 00 00	Kopfsalat	N21	2012-06-18 09:30:00+02	\N	\N	2012-06-20 08:55:23	\N	78	1	\N	3474	2012-06-01 00:00:00	2012-07-31 21:59:59	2016-03-17 09:19:04.94469
140	f	06	06010	06010	120109006	2	1	1	D: 01 25 03 02 04 02 00 00 02 00 00	Gemüsepaprika	N23	2012-01-04 06:30:00+01	\N	\N	2012-01-23 14:52:40	\N	734	1	\N	3513	2012-01-01 00:00:00	2012-01-31 21:59:59	2016-03-17 09:19:04.94469
284	f	11	11010	11010	121100004	2	1	1	D: 01 25 04 06 01 02 02 00 02 00 00	Radieschen	N22	2012-06-04 09:30:00+02	2012-06-04 09:30:00+02	\N	2012-06-11 11:16:53	\N	\N	1	\N	13165	2012-05-21 00:00:00	2012-07-01 21:59:59	2016-03-17 09:19:04.94469
703	f	06	06010	06010	120426001	2	1	1	D: 01 27 08 03 01 00 02 00 00 00 00	Speisemorchel (Morchella esculenta)	N2A	2012-04-24 22:00:00+02	\N	\N	2012-04-26 13:00:15	\N	977	1	716	25399	2012-01-10 00:00:00	2012-01-10 21:59:59	2016-03-17 09:19:04.94469
301	f	11	11010	11010	121200009	2	1	1	D: 01 29 01 14 01 02 02 00 00 00 00	Moosbeere	N46	2012-01-27 10:30:00+01	2012-01-27 10:30:00+01	\N	2012-02-06 09:04:26	\N	\N	1	\N	13198	2012-01-01 00:00:00	2012-12-31 21:59:59	2016-03-17 09:19:04.94469
300	f	11	11010	11010	121200008	2	1	1	D: 01 29 02 01 01 02 02 00 00 00 00	Apfel	N42	2012-01-27 10:45:00+01	2012-01-27 10:45:00+01	\N	2012-02-01 09:14:31	\N	\N	1	\N	13197	2012-01-01 00:00:00	2012-12-31 21:59:59	2016-03-17 09:19:04.94469
24	f	06	06010	06010	120619004	2	1	1	D: 01 29 03 07 00 00 00 00 00 00 00	Süßkirsche	N43	2012-06-18 11:30:00+02	\N	\N	2012-06-20 08:56:20	\N	78	1	\N	3564	2012-06-01 00:00:00	2012-06-30 21:59:59	2016-03-17 09:19:04.94469
296	f	11	11010	11010	121200002	2	1	1	D: 01 29 05 14 01 02 02 00 02 00 00	Rhabarber	N4Z	2012-05-07 10:10:00+02	2012-05-07 10:10:00+02	\N	2012-05-15 08:27:55	\N	\N	1	\N	13191	2012-08-06 00:00:00	2012-10-21 21:59:59	2016-03-17 09:19:04.94469
99	f	11	11010	11010	123100001	2	1	3	D: 01 50 90 01 06 02 05 00 00 00 00 51	Tageskost einschl. flüssiger Bestandteile und Getränke	N81	2012-01-03 23:00:00+01	2012-01-04 22:00:00+01	82800	2012-01-23 08:56:08	\N	\N	1	\N	7051	2012-01-02 00:00:00	2012-01-15 21:59:59	2016-03-17 09:19:04.94469
194	f	11	11010	11010	125500001	2	1	1	D: 01 59 01 01 05 02 03 03 01 01 00	Rohwasser aus Grundwasser nicht aufbereitet	G51	2012-03-02 12:10:00+01	2012-03-02 12:10:00+01	\N	2012-03-22 08:12:08	\N	\N	1	\N	7095	2012-01-09 00:00:00	2012-04-01 21:59:59	2016-03-17 09:19:04.94469
3	f	06	06010	06010	120515001	2	1	1	D: 01 59 03 01 01 02 05 01 02 00 00	Trinkwasser Zentralversorgung Grundwasser aufbereitet	N71	2012-05-10 11:00:00+02	\N	\N	2012-05-30 13:21:12	\N	716	1	\N	3746	2012-05-07 00:00:00	2012-05-13 21:59:59	2016-03-17 09:19:04.94469
1	f	06	06010	06010	120510002	2	1	1	D: 01 59 04 01 00 05 05 01 02 00 00	Trinkwasser Zentralversorgung Oberflächenwasser aufbereitet	N72	2012-05-08 11:00:00+02	\N	\N	2012-06-13 08:51:46	\N	726	1	\N	3749	2012-05-07 00:00:00	2012-05-13 21:59:59	2016-03-17 09:19:04.94469
31	f	06	06010	06010	120210003	2	1	1	D: 01 59 05 01 05 05 05 01 02 00 00	Trinkwasser aus Mischwasser Zentralversorgung aufbereitet	N73	2012-02-07 23:00:00+01	\N	\N	2012-03-02 12:40:21	\N	724	1	\N	3755	2012-02-06 00:00:00	2012-02-12 21:59:59	2016-03-17 09:19:04.94469
84	f	06	06010	06010	120404004	2	1	1	D: 04 01 98 01 00 00 23 07 00 72 03	Unbearbeiteter Boden	B33	2012-04-02 12:30:00+02	\N	\N	2012-04-23 12:32:56	\N	60	1	\N	3716	2012-04-02 00:00:00	2012-04-08 21:59:59	2016-03-17 09:19:04.94469
76	f	06	06010	06010	120326001	2	1	1	D: 04 01 42 28 00 00 10 08 00 31 03	Unbearbeiteter Boden	B31	2012-03-26 09:00:00+02	\N	\N	2012-04-18 11:47:05	\N	813	1	\N	3678	2012-04-02 00:00:00	2012-04-08 21:59:59	2016-03-17 09:19:04.94469
88	f	06	06010	06010	120326002	2	1	1	D: 04 01 24 84 00 00 60 15 00 31 07	Unbearbeiteter Boden	B34	2012-03-26 10:40:00+02	\N	\N	2012-04-18 11:47:21	\N	813	1	\N	3676	2012-04-02 00:00:00	2012-04-08 21:59:59	2016-03-17 09:19:04.94469
180	f	11	11010	11010	126100037	2	1	1	D: 06 04 05 01 00 00 00 02 01 01 00	Sediment	G13	2012-03-12 10:30:00+01	2012-03-12 10:30:00+01	\N	2012-03-20 12:20:47	\N	\N	1	\N	7086	2012-01-01 00:00:00	2012-03-31 21:59:59	2016-03-17 09:19:04.94469
97	f	06	06010	06010	120306001	2	1	3	D: 06 05 00 01 00 00 00 06 00 00 01	Schwebstoffe	G12	2012-01-24 09:00:00+01	2012-02-24 09:00:00+01	2678400	2012-03-09 08:51:44	\N	60	1	\N	3734	2012-01-23 00:00:00	2012-02-19 21:59:59	2016-03-17 09:19:04.94469
91	f	06	06060	06060	14246	2	1	1	D: 06 02 00 01 00 00 01 02 02 00 00	Oberflächenwasser	G11	2012-02-13 11:00:00+01	\N	\N	2012-03-02 11:00:40	553	60	1	\N	3730	2012-02-13 00:00:00	2012-02-19 21:59:59	2016-03-17 09:19:04.94469
186	f	11	11010	11010	126100049	2	1	1	D: 06 05 00 02 00 00 00 01 00 00 00	Schwebstoffe	G22	2012-03-06 11:00:00+01	2012-03-06 11:00:00+01	\N	2012-03-12 09:23:31	\N	\N	1	\N	7089	2012-01-01 00:00:00	2012-03-31 21:59:59	2016-03-17 09:19:04.94469
174	f	11	11010	11010	126100025	2	1	1	D: 06 04 05 02 00 00 00 02 01 01 00	Sediment	G23	2012-03-06 11:00:00+01	2012-03-06 11:00:00+01	\N	2012-03-20 12:20:47	\N	\N	1	\N	7083	2012-01-01 00:00:00	2012-03-31 21:59:59	2016-03-17 09:19:04.94469
160	f	11	11010	11010	126100001	2	1	3	D: 06 02 00 02 00 00 01 04 02 00 00	Oberflächenwasser	G21	2012-01-17 11:00:00+01	2012-03-13 11:00:00+01	4838400	2012-03-22 08:12:08	\N	\N	1	\N	7077	2012-01-01 00:00:00	2012-03-31 21:59:59	2016-03-17 09:19:04.94469
200	f	11	11010	11010	125500010	2	1	1	D: 06 03 00 01 00 00 01 03 00 00 00	Grundwasser	G41	2012-04-27 07:00:00+02	2012-04-27 07:00:00+02	\N	2012-05-30 09:36:31	\N	\N	1	\N	7101	2012-01-01 00:00:00	2012-06-30 21:59:59	2016-03-17 09:19:04.94469
45	f	06	06010	06010	120120005	2	1	1	D: 08 01 03 01 00 00 00 06 00 00 00	Abwasser	A11	2012-01-19 06:00:00+01	\N	\N	2012-02-01 13:30:03	\N	60	1	\N	3782	2012-01-09 00:00:00	2012-01-15 21:59:59	2016-03-17 09:19:04.94469
55	f	06	06010	06010	120120006	2	1	1	D: 08 02 04 01 00 00 04 02 00 00 00	Schlamm aus Abwässern	A13	2012-01-19 07:00:00+01	\N	\N	2012-02-02 13:38:43	\N	60	1	\N	3775	2012-01-09 00:00:00	2012-01-15 21:59:59	2016-03-17 09:19:04.94469
69	f	06	06010	06010	120309008	2	1	1	D: 09 01 16 01 00 00 00 00 00 00 00	Reststoffe aus Verbrennungsanlagen	A23	2012-03-09 11:30:00+01	\N	\N	2012-03-15 10:33:22	\N	813	1	\N	3797	2012-03-05 00:00:00	2012-03-11 21:59:59	2016-03-17 09:19:04.94469
67	f	06	06010	06010	120309009	2	1	1	D: 09 01 07 01 00 00 00 00 00 00 00	Reststoffe aus Verbrennungsanlagen	A22	2012-03-09 11:30:00+01	\N	\N	2012-03-15 10:33:31	\N	813	1	\N	3796	2012-03-05 00:00:00	2012-03-11 21:59:59	2016-03-17 09:19:04.94469
70	f	06	06010	06010	120309004	2	1	1	D: 09 01 14 05 00 00 00 00 00 00 00	Reststoffe aus Verbrennungsanlagen	A24	2012-03-07 09:00:00+01	\N	\N	2012-03-15 10:32:18	\N	60	1	\N	3798	2012-03-05 00:00:00	2012-03-11 21:59:59	2016-03-17 09:19:04.94469
65	f	06	06010	06010	120309005	2	1	1	D: 09 01 02 05 00 00 00 00 00 00 00	Reststoffe aus Verbrennungsanlagen	A21	2012-03-07 09:00:00+01	\N	\N	2012-03-15 12:09:13	\N	60	1	\N	3792	2012-03-05 00:00:00	2012-03-11 21:59:59	2016-03-17 09:19:04.94469
78	f	06	06010	06010	120330006	2	1	1	D: 04 02 42 26 00 00 01 25 00 31 03	Ackerboden	B32	2012-03-28 11:00:00+02	\N	\N	2012-04-20 12:45:31	\N	60	1	\N	3710	2012-04-02 00:00:00	2012-04-08 21:59:59	2016-03-17 09:19:04.94469
36	f	06	06010	06010	120502004	2	1	1	D: 01 48 25 04 02 00 00 00 00 00 00	Milch für die besondere Ernährung von Kleinkindern	N82	2012-04-27 08:00:00+02	\N	\N	2012-09-18 12:41:00	\N	729	1	\N	12671	2012-04-01 00:00:00	2012-04-30 21:59:59	2016-03-17 09:19:04.94469
157	f	11	11010	11010	125100001	2	1	1	D: 02 01 01 01 00 02 00 00 00 00 00 21 00 00 00 01 00 00 00 00 00 00 00 00	Grünfutter	A3	2012-05-21 09:30:00+02	2012-05-21 09:30:00+02	\N	2016-03-07 11:04:15.14	\N	\N	1	\N	7063	2012-04-16 00:00:00	2012-06-17 21:59:59	2016-03-17 09:19:04.94469
19	f	06	06010	06010	120614002	2	1	1	D: 01 25 02 25 00 00 00 00 02 00 00	Spargel, weiß	N24	2012-06-14 07:00:00+02	\N	\N	2012-06-19 09:31:23	\N	92	1	\N	37464	2012-06-01 00:00:00	2012-06-30 21:59:59	2016-03-17 09:19:04.94469
707	f	11	11010	11010	125100012	2	1	1	D: 02 02 20 00 00 02 00 00 00 00 00	Silagen	F5Z	2012-01-11 10:00:00+01	2012-01-11 10:00:00+01	\N	2012-01-23 08:56:08	\N	\N	1	\N	\N	\N	\N	2016-03-17 09:19:04.94469
158	f	11	11010	11010	125100007	2	1	1	D: 02 06 48 00 00 01 00 00 00 00 00	Nebenerzeugnisse trocken	F62	2012-01-27 10:15:00+01	2012-01-27 10:15:00+01	\N	2012-02-06 08:59:59	\N	\N	1	\N	7069	2012-01-01 00:00:00	2012-12-31 21:59:59	2016-03-17 09:19:04.94469
155	f	11	11010	11010	125300001	2	1	1	D: 03 09 01 00 00 00 00 00 00 00 00	Pflanzliche Indikatoren	I13	2012-05-14 10:00:00+02	2012-05-14 10:00:00+02	\N	2012-05-30 12:04:35	\N	\N	1	\N	7057	2012-05-07 00:00:00	2012-09-30 21:59:59	2016-03-17 09:19:04.94469
73	f	06	06060	06060	14360	2	1	1	D: 09 03 00 00 00 00 00 00 00 00 00	Kompostierung	A41	2012-05-10 10:00:00+02	\N	\N	2012-05-24 12:45:00	553	813	1	\N	3801	2012-05-07 00:00:00	2012-05-13 21:59:59	2016-03-17 09:19:04.94469
71	f	06	06010	06010	120523008	2	1	1	D: 09 02 08 00 00 00 00 00 00 00 00	Deponie	A31	2012-05-11 10:30:00+02	\N	\N	2012-06-04 14:03:58	\N	813	1	\N	3786	2012-05-07 00:00:00	2012-05-13 21:59:59	2016-03-17 09:19:04.94469
354	f	06	06010	06010	120110258	2	1	1	D: 01 10 55 00 00 00 00 00 00 00 00	Barschartige Fische Seefische Zuschnitte	N62	2012-01-10 09:00:00+01	\N	\N	2012-01-19 10:55:44	\N	734	1	\N	18313	2012-01-01 00:00:00	2012-01-31 21:59:59	2016-03-17 09:19:04.94469
353	f	06	06010	06010	120117004	2	1	1	D: 01 06 23 00 05 02 02 00 00 00 00	Fleischteilstücke Lamm/Schaf auch tiefgefroren	N55	2012-01-17 10:00:00+01	\N	\N	2012-01-26 13:03:27	\N	734	1	\N	18310	2012-01-01 00:00:00	2012-06-30 21:59:59	2016-03-17 09:19:04.94469
147	f	06	06060	06060	14242	2	1	1	D: 01 06 02 00 00 00 00 00 00 00 00	Fleischteilstücke Rind auch tiefgefroren	N51	2012-02-22 11:00:00+01	\N	\N	2012-02-29 14:45:58	553	714	1	\N	3582	2012-02-01 00:00:00	2012-02-29 21:59:59	2016-03-17 09:19:04.94469
406	f	12	12020	12020	N0198FU12	2	1	1	D: 02 01 16 00 00 00 00 00 00 00 00	Grünfutter	F12	2012-06-07 09:00:00+02	\N	\N	2012-07-12 11:32:17	\N	1859	1	\N	10786	2012-04-01 00:00:00	2012-06-30 21:59:59	2016-03-17 09:19:04.94469
\.


ALTER TABLE probe ENABLE TRIGGER ALL;

--
-- TOC entry 4680 (class 0 OID 535615)
-- Dependencies: 221
-- Data for Name: messung; Type: TABLE DATA; Schema: land; Owner: lada
--

ALTER TABLE messung DISABLE TRIGGER ALL;

COPY messung (id, probe_id, nebenproben_nr, mmt_id, messdauer, messzeitpunkt, fertig, status, letzte_aenderung, geplant, tree_modified) FROM stdin;
179	660	01G1	G1	82693	2012-01-30 09:32:00+01	t	571	2012-03-06 17:42:26	t	2016-03-17 09:19:04.94469
1007	731	11G1	G1	\N	\N	f	\N	\N	t	2016-03-17 09:19:04.94469
1009	733	11G1	G1	\N	\N	f	\N	\N	t	2016-03-17 09:19:04.94469
198	409	01G1	G1	161733	2012-03-19 23:00:00+01	t	572	2012-04-17 19:42:25	t	2016-03-17 09:19:04.94469
646	42	00G1	G1	60000	2012-01-09 14:48:00+01	f	573	2016-03-08 10:23:04.791	t	2016-03-17 09:19:04.94469
699	313	G101	G1	247215	2012-02-24 11:00:00+01	t	574	2012-03-06 17:42:26	t	2016-03-17 09:19:04.94469
697	311	G101	G1	90333	2012-06-13 11:00:00+02	t	575	2012-06-26 16:43:09	t	2016-03-17 09:19:04.94469
765	112	BS01	BS	60000	2012-02-15 14:48:00+01	t	579	2012-02-22 15:42:21	t	2016-03-17 09:19:04.94469
764	112	G101	G1	164945	2012-01-16 11:00:00+01	t	578	2012-01-25 11:42:08	t	2016-03-17 09:19:04.94469
876	117	0001	G1	100000	2012-01-25 13:08:00+01	t	576	2012-02-03 16:45:22	t	2016-03-17 09:19:04.94469
877	117	0002	BS	36000	2012-05-09 12:00:00+02	t	577	2012-08-16 10:44:27	t	2016-03-17 09:19:04.94469
1008	732	11G1	G1	\N	\N	f	\N	\N	t	2016-03-17 09:19:04.94469
693	307	G101	G1	247808	2012-02-24 11:00:00+01	t	580	2012-03-06 17:42:26	t	2016-03-17 09:19:04.94469
604	203	G101	G1	100732	2012-06-05 08:00:00+02	t	581	2012-06-11 15:45:32	t	2016-03-17 09:19:04.94469
455	357	00G1	G1	60000	2012-01-12 14:24:00+01	t	582	2012-01-20 19:42:14	t	2016-03-17 09:19:04.94469
677	292	G101	G1	330852	2012-01-27 12:00:00+01	t	583	2012-02-03 16:45:22	t	2016-03-17 09:19:04.94469
679	294	G101	G1	245865	2012-01-27 12:00:00+01	t	584	2012-02-03 16:45:22	t	2016-03-17 09:19:04.94469
907	25	00G1	G1	60000	2012-06-14 14:05:00+02	f	585	2016-03-08 16:46:57.46	t	2016-03-17 09:19:04.94469
409	145	00G1	G1	60000	2012-04-25 13:10:00+02	t	586	2012-06-15 18:43:15	t	2016-03-17 09:19:04.94469
45	4	00G1	G1	60000	2012-06-19 13:40:00+02	t	587	2012-06-26 15:42:31	t	2016-03-17 09:19:04.94469
404	140	00G1	G1	60000	2012-01-05 14:35:00+01	t	588	2012-01-25 11:42:08	t	2016-03-17 09:19:04.94469
669	284	G101	G1	105051	2012-06-05 07:00:00+02	t	589	2012-06-15 18:43:15	t	2016-03-17 09:19:04.94469
382	703	00G1	G1	3600	2012-04-26 11:33:00+02	t	590	2012-05-07 11:45:47	t	2016-03-17 09:19:04.94469
687	301	G101	G1	249270	2012-02-03 10:00:00+01	t	591	2012-02-16 16:42:24	t	2016-03-17 09:19:04.94469
686	300	G101	G1	166714	2012-01-30 10:00:00+01	t	592	2012-02-03 16:45:22	t	2016-03-17 09:19:04.94469
906	24	00G1	G1	60000	2012-06-19 13:33:00+02	t	593	2012-06-26 16:43:09	t	2016-03-17 09:19:04.94469
682	296	G101	G1	158952	2012-05-07 12:00:00+02	t	594	2012-05-23 12:42:55	t	2016-03-17 09:19:04.94469
749	99	G101	G1	421389	2012-01-11 10:00:00+01	t	595	2012-01-25 12:42:18	t	2016-03-17 09:19:04.94469
855	194	BH01	BH	36000	2012-03-28 12:00:00+02	t	596	2012-04-16 14:42:18	t	2016-03-17 09:19:04.94469
856	194	G101	G1	346327	2012-03-16 11:00:00+01	t	597	2012-03-26 11:42:27	t	2016-03-17 09:19:04.94469
857	194	A101	A1	422783	2012-04-27 12:00:00+02	t	598	2012-05-14 13:42:57	t	2016-03-17 09:19:04.94469
858	194	Bs01	BS	60000	2012-05-09 14:20:00+02	t	599	2012-05-30 12:42:36	t	2016-03-17 09:19:04.94469
859	194	A102	A1	422795	2012-04-27 12:00:00+02	t	600	2012-05-14 13:42:57	f	2016-03-17 09:19:04.94469
781	3	00G1	G1	60000	2012-05-29 12:59:00+02	t	601	2012-06-29 11:42:27	t	2016-03-17 09:19:04.94469
782	3	0003	BS	36000	2012-06-15 10:00:00+02	t	602	2012-07-18 11:42:37	t	2016-03-17 09:19:04.94469
783	3	00A1	A1	230005	2012-08-31 08:47:00+02	t	603	2012-10-02 10:42:49	t	2016-03-17 09:19:04.94469
784	3	0004	BH	18000	2012-06-29 10:00:00+02	t	604	2012-07-18 11:42:37	t	2016-03-17 09:19:04.94469
776	1	00A1	A1	230005	2012-08-31 08:44:00+02	t	605	2012-10-02 10:42:49	t	2016-03-17 09:19:04.94469
777	1	00G1	G1	60000	2012-06-11 13:52:00+02	t	606	2012-06-29 11:42:27	t	2016-03-17 09:19:04.94469
778	1	0004	BH	18000	2012-06-29 10:00:00+02	t	607	2012-07-18 11:42:37	t	2016-03-17 09:19:04.94469
779	1	0003	BS	36000	2012-06-15 10:00:00+02	t	608	2012-07-18 11:42:37	t	2016-03-17 09:19:04.94469
457	31	00G1	G1	60000	2012-03-01 15:33:00+01	t	609	2012-03-15 14:42:18	t	2016-03-17 09:19:04.94469
546	84	00G1	G1	60000	2012-04-17 13:21:00+02	t	610	2012-06-29 13:42:59	t	2016-03-17 09:19:04.94469
547	84	0003	BS	36000	2012-11-13 11:00:00+01	t	611	2013-02-22 11:42:23	t	2016-03-17 09:19:04.94469
536	76	00G1	G1	60000	2012-03-30 12:20:00+02	t	612	2012-04-20 17:42:12	t	2016-03-17 09:19:04.94469
552	88	0003	BS	36000	2012-10-25 10:00:00+02	t	613	2012-11-09 17:42:48	t	2016-03-17 09:19:04.94469
553	88	00G1	G1	60000	2012-03-30 12:15:00+02	t	614	2012-04-20 17:42:12	t	2016-03-17 09:19:04.94469
841	180	G101	G1	246610	2012-03-16 11:00:00+01	t	615	2012-03-27 13:42:09	t	2016-03-17 09:19:04.94469
574	97	00G1	G1	60000	2012-03-07 14:12:00+01	t	616	2012-03-27 13:42:09	t	2016-03-17 09:19:04.94469
558	91	0003	BH	18000	2012-03-12 21:40:00+01	t	617	2012-07-27 11:42:24	t	2016-03-17 09:19:04.94469
559	91	0001	G1	150000	2012-02-29 16:36:00+01	t	618	2012-03-06 12:42:22	t	2016-03-17 09:19:04.94469
847	186	G101	G1	244982	2012-03-09 12:00:00+01	t	619	2012-03-12 11:42:52	t	2016-03-17 09:19:04.94469
835	174	G101	G1	264401	2012-03-13 09:00:00+01	t	620	2012-03-27 13:42:09	t	2016-03-17 09:19:04.94469
792	160	BS01	BS	60000	2012-05-14 13:50:00+02	t	621	2012-05-22 15:42:28	t	2016-03-17 09:19:04.94469
793	160	BH01	BH	36000	2012-03-27 12:00:00+02	t	622	2012-04-18 17:42:24	t	2016-03-17 09:19:04.94469
794	160	G101	G1	136410	2012-03-20 12:00:00+01	t	623	2012-03-27 13:42:09	t	2016-03-17 09:19:04.94469
795	160	A101	A1	416061	2012-05-02 12:00:00+02	t	624	2012-05-11 19:42:33	t	2016-03-17 09:19:04.94469
796	160	A102	A1	338466	2012-05-03 12:00:00+02	t	625	2012-05-11 19:42:33	f	2016-03-17 09:19:04.94469
593	200	BH01	BH	36000	2012-07-05 12:00:00+02	t	626	2012-07-27 11:42:24	t	2016-03-17 09:19:04.94469
594	200	A101	A1	344683	2012-06-01 12:00:00+02	t	627	2012-06-12 11:46:00	t	2016-03-17 09:19:04.94469
595	200	BS01	BS	1000	2012-07-10 12:40:00+02	t	628	2012-07-27 11:42:24	t	2016-03-17 09:19:04.94469
596	200	G101	G1	696089	2012-05-15 10:00:00+02	t	629	2012-06-12 11:46:00	t	2016-03-17 09:19:04.94469
597	200	A102	A1	436113	2012-05-31 12:00:00+02	t	630	2012-06-12 11:46:00	f	2016-03-17 09:19:04.94469
649	45	00G1	G1	60000	2012-01-26 14:26:00+01	t	631	2012-03-12 09:12:13	t	2016-03-17 09:19:04.94469
499	55	00G1	G1	60000	2012-02-01 13:54:00+01	t	632	2012-03-15 13:42:20	t	2016-03-17 09:19:04.94469
517	69	00G1	G1	60000	2012-03-13 14:19:00+01	t	633	2012-03-26 11:42:27	t	2016-03-17 09:19:04.94469
515	67	00G1	G1	60000	2012-03-13 14:17:00+01	t	634	2012-03-26 11:42:27	t	2016-03-17 09:19:04.94469
518	70	00G1	G1	60000	2012-03-14 14:41:00+01	t	635	2012-03-26 11:42:27	t	2016-03-17 09:19:04.94469
513	65	00G1	G1	60000	2012-03-13 14:24:00+01	t	636	2012-03-26 11:42:27	t	2016-03-17 09:19:04.94469
538	78	00G1	G1	60000	2012-04-04 14:01:00+02	t	637	2012-05-07 18:42:50	t	2016-03-17 09:19:04.94469
539	78	0003	BS	36000	2012-06-21 10:00:00+02	t	638	2012-07-12 17:42:35	t	2016-03-17 09:19:04.94469
639	36	0003	BS	36000	2012-09-10 10:00:00+02	t	639	2013-02-22 11:42:23	t	2016-03-17 09:19:04.94469
640	36	00G1	G1	60000	2012-05-02 13:44:00+02	t	640	2012-09-18 12:41:00	t	2016-03-17 09:19:04.94469
788	157	G101	G1	445822	2012-05-24 09:00:00+02	t	645	2012-06-07 18:42:19	t	2016-03-17 09:19:04.94469
901	19	00G1	G1	60000	2012-06-14 14:03:00+02	t	641	2012-06-26 15:42:31	t	2016-03-17 09:19:04.94469
900	707	G101	G1	419333	2012-01-18 11:00:00+01	t	642	2012-01-24 19:42:23	f	2016-03-17 09:19:04.94469
789	158	G101	G1	425991	2012-02-01 09:00:00+01	t	643	2012-02-16 19:42:18	t	2016-03-17 09:19:04.94469
785	155	G101	G1	345463	2012-05-18 06:00:00+02	t	646	2012-06-05 17:42:20	t	2016-03-17 09:19:04.94469
533	73	0001	G1	100000	2012-05-22 11:12:00+02	t	647	2012-05-30 12:42:35	t	2016-03-17 09:19:04.94469
529	71	0004	BH	18000	2012-06-30 10:00:00+02	t	648	2012-07-18 11:42:37	t	2016-03-17 09:19:04.94469
530	71	00G1	G1	60000	2012-05-31 13:32:00+02	t	649	2012-06-29 13:42:59	t	2016-03-17 09:19:04.94469
452	354	00G1	G1	60000	2012-01-12 14:22:00+01	t	650	2012-01-20 19:42:14	t	2016-03-17 09:19:04.94469
451	353	00G1	G1	60000	2012-01-18 15:20:00+01	t	651	2012-02-03 16:45:22	t	2016-03-17 09:19:04.94469
411	147	0001	G1	50000	2012-02-28 12:38:00+01	t	653	2012-03-06 17:42:26	t	2016-03-17 09:19:04.94469
195	406	01G1	G1	85198	2012-06-11 13:06:00+02	t	654	2012-07-17 15:42:25	t	2016-03-17 09:19:04.94469
\.


ALTER TABLE messung ENABLE TRIGGER ALL;

--
-- TOC entry 4678 (class 0 OID 535583)
-- Dependencies: 219
-- Data for Name: kommentar_m; Type: TABLE DATA; Schema: land; Owner: lada
--

ALTER TABLE kommentar_m DISABLE TRIGGER ALL;

COPY kommentar_m (id, erzeuger, datum, text, messungs_id) FROM stdin;
481	12020	2012-07-12 06:18:00	Messung FM\nFM/TM lt Stammdaten	195
482	12020	2012-07-12 09:32:00	Messung FM\nFM/TM lt Stammdaten	195
656	06112	2016-03-07 10:59:05	Test	788
657	11010	2016-03-07 10:59:16	Test 2	788
\.


ALTER TABLE kommentar_m ENABLE TRIGGER ALL;

--
-- TOC entry 4679 (class 0 OID 535591)
-- Dependencies: 220
-- Data for Name: kommentar_p; Type: TABLE DATA; Schema: land; Owner: lada
--

ALTER TABLE kommentar_p DISABLE TRIGGER ALL;

COPY kommentar_p (id, erzeuger, datum, text, probe_id) FROM stdin;
655	20050	2016-03-07 10:45:52	TEst	157
658	11010	2016-03-07 11:35:43	Test	726
659	11010	2016-03-07 13:03:16	uzh8i	186
660	12010	2016-03-07 15:44:23	hlh	729
120	12020	2011-12-14 12:43:38	n_im04	660
661	12010	2016-03-07 16:19:51	uzoizuzozoiu	91
168	06010	2011-11-07 12:10:49	A76, A0-Horizont: Probenahmetiefe (Mächtigkeit der Humusschicht) notieren!	84
183	12020	2011-12-14 12:30:49	n_pf07	406
186	12010	2011-12-14 12:31:07	o_mi02	409
344	06010	2012-04-26 10:56:00	#125404438#	703
373	12020	2012-02-22 11:38:00	MHD 25.05.12                  /	660
379	06010	2012-01-18 11:44:00	Wolfsbarschfilet	354
413	11010	2012-06-18 06:52:49	Rehkeule	311
444	12020	2012-07-12 06:18:00	FM/TM lt. Stammdaten          /für Grüngetreide	406
455	12020	2012-07-12 09:32:00	FM/TM lt. Stammdaten          /für Grüngetreide	406
\.


ALTER TABLE kommentar_p ENABLE TRIGGER ALL;

--
-- TOC entry 4691 (class 0 OID 536898)
-- Dependencies: 295
-- Data for Name: messprogramm; Type: TABLE DATA; Schema: land; Owner: lada
--

ALTER TABLE messprogramm DISABLE TRIGGER ALL;

COPY messprogramm (id, name, test, netzbetreiber_id, mst_id, labor_mst_id, datenbasis_id, ba_id, gem_id, ort_id, media_desk, umw_id, probenart_id, probenintervall, teilintervall_von, teilintervall_bis, intervall_offset, gueltig_von, gueltig_bis, probe_nehmer_id, probe_kommentar, letzte_aenderung) FROM stdin;
\.


ALTER TABLE messprogramm ENABLE TRIGGER ALL;

--
-- TOC entry 4698 (class 0 OID 0)
-- Dependencies: 294
-- Name: messprogramm_id_seq; Type: SEQUENCE SET; Schema: land; Owner: lada
--

SELECT pg_catalog.setval('messprogramm_id_seq', 1, false);


--
-- TOC entry 4693 (class 0 OID 536938)
-- Dependencies: 297
-- Data for Name: messprogramm_mmt; Type: TABLE DATA; Schema: land; Owner: lada
--

ALTER TABLE messprogramm_mmt DISABLE TRIGGER ALL;

COPY messprogramm_mmt (id, messprogramm_id, mmt_id, messgroessen, letzte_aenderung) FROM stdin;
\.


ALTER TABLE messprogramm_mmt ENABLE TRIGGER ALL;

--
-- TOC entry 4699 (class 0 OID 0)
-- Dependencies: 296
-- Name: messprogramm_mmt_id_seq; Type: SEQUENCE SET; Schema: land; Owner: lada
--

SELECT pg_catalog.setval('messprogramm_mmt_id_seq', 1, false);


--
-- TOC entry 4681 (class 0 OID 535623)
-- Dependencies: 222
-- Data for Name: messung_translation; Type: TABLE DATA; Schema: land; Owner: lada
--

ALTER TABLE messung_translation DISABLE TRIGGER ALL;

COPY messung_translation (id, messungs_id, messungs_id_alt) FROM stdin;
1007	1007	17
1009	1009	19
45	45	1
179	179	1
1008	1008	18
195	195	1
198	198	1
382	382	1
404	404	1
409	409	1
411	411	1
451	451	1
452	452	1
455	455	1
457	457	1
499	499	1
513	513	1
515	515	1
517	517	1
518	518	1
529	529	1
530	530	2
533	533	1
536	536	1
538	538	2
539	539	1
546	546	2
547	547	1
552	552	1
553	553	2
558	558	2
559	559	1
574	574	1
593	593	1
594	594	3
595	595	4
596	596	2
597	597	5
604	604	1
639	639	2
640	640	1
646	646	1
649	649	1
669	669	1
677	677	1
679	679	1
682	682	1
686	686	1
687	687	1
693	693	1
697	697	1
699	699	1
749	749	1
764	764	1
765	765	2
776	776	1
777	777	2
778	778	4
779	779	3
781	781	3
782	782	1
783	783	4
784	784	2
785	785	1
788	788	1
789	789	1
792	792	1
793	793	4
794	794	3
795	795	2
796	796	5
835	835	1
841	841	1
847	847	1
855	855	1
856	856	4
857	857	2
858	858	3
859	859	5
876	876	1
877	877	2
900	900	1
901	901	1
906	906	1
907	907	1
\.


ALTER TABLE messung_translation ENABLE TRIGGER ALL;

--
-- TOC entry 4700 (class 0 OID 0)
-- Dependencies: 223
-- Name: messung_translation_id_seq; Type: SEQUENCE SET; Schema: land; Owner: lada
--

SELECT pg_catalog.setval('messung_translation_id_seq', 1009, true);


--
-- TOC entry 4683 (class 0 OID 535629)
-- Dependencies: 224
-- Data for Name: messwert; Type: TABLE DATA; Schema: land; Owner: lada
--

ALTER TABLE messwert DISABLE TRIGGER ALL;

COPY messwert (id, messungs_id, messgroesse_id, messwert_nwg, messwert, messfehler, nwg_zu_messwert, meh_id, grenzwertueberschreitung, letzte_aenderung, tree_modified) FROM stdin;
6076	179	28	\N	19	4.5	\N	67	\N	2012-02-22 12:38:39	2016-03-17 09:19:04.94469
6077	179	68	<	0.127000004	\N	\N	67	\N	2012-02-22 12:38:39	2016-03-17 09:19:04.94469
6078	179	220	<	0.0975999981	\N	\N	67	\N	2012-02-22 12:38:39	2016-03-17 09:19:04.94469
6079	179	340	<	0.122000001	\N	\N	67	\N	2012-02-22 12:38:39	2016-03-17 09:19:04.94469
6080	179	369	<	0.101999998	\N	\N	67	\N	2012-02-22 12:38:39	2016-03-17 09:19:04.94469
6081	179	373	<	0.0992999971	\N	\N	67	\N	2012-02-22 12:38:39	2016-03-17 09:19:04.94469
6082	179	404	<	0.510999978	\N	\N	67	\N	2012-02-22 12:38:39	2016-03-17 09:19:04.94469
6463	1007	28	\N	0	\N	\N	1	\N	\N	2016-03-17 09:19:04.94469
6464	1007	331	\N	0	\N	\N	1	\N	\N	2016-03-17 09:19:04.94469
6465	1007	369	\N	0	\N	\N	1	\N	\N	2016-03-17 09:19:04.94469
6469	1009	28	\N	0	\N	\N	1	\N	\N	2016-03-17 09:19:04.94469
6470	1009	331	\N	0	\N	\N	1	\N	\N	2016-03-17 09:19:04.94469
6471	1009	369	\N	0	\N	\N	1	\N	\N	2016-03-17 09:19:04.94469
3820	198	28	\N	500	2.5	\N	64	\N	2012-03-26 16:31:35	2016-03-17 09:19:04.94469
3821	198	68	<	0.148000002	\N	\N	64	\N	2012-03-26 16:31:35	2016-03-17 09:19:04.94469
3822	198	220	<	0.112999998	\N	\N	64	\N	2012-03-26 16:31:35	2016-03-17 09:19:04.94469
3823	198	340	<	0.174999997	\N	\N	64	\N	2012-03-26 16:31:35	2016-03-17 09:19:04.94469
3824	198	369	<	0.153999999	\N	\N	64	\N	2012-03-26 16:31:35	2016-03-17 09:19:04.94469
3825	198	373	\N	1.70000005	3.20000005	\N	64	\N	2012-03-26 16:31:35	2016-03-17 09:19:04.94469
3826	198	404	<	0.69599998	\N	\N	64	\N	2012-03-26 16:31:35	2016-03-17 09:19:04.94469
2316	646	28	\N	30.7450008	4.80000019	\N	67	\N	2012-01-11 14:12:49	2016-03-17 09:19:04.94469
2317	646	68	<	0.0790000036	\N	\N	67	\N	2012-01-11 14:12:49	2016-03-17 09:19:04.94469
2318	646	220	<	0.0719999969	\N	\N	67	\N	2012-01-11 14:12:49	2016-03-17 09:19:04.94469
2319	646	340	<	0.119000003	\N	\N	67	\N	2012-01-11 14:12:49	2016-03-17 09:19:04.94469
2320	646	369	<	0.0659999996	\N	\N	67	\N	2012-01-11 14:12:49	2016-03-17 09:19:04.94469
2321	646	373	<	0.0810000002	\N	\N	67	\N	2012-01-11 14:12:49	2016-03-17 09:19:04.94469
2322	646	404	<	0.476000011	\N	\N	67	\N	2012-01-11 14:12:49	2016-03-17 09:19:04.94469
1527	699	28	\N	101.20755	1.60000002	\N	67	\N	2012-03-01 13:35:02	2016-03-17 09:19:04.94469
1528	699	68	<	0.16883032	\N	\N	67	\N	2012-03-01 13:35:02	2016-03-17 09:19:04.94469
1529	699	220	<	0.142792404	\N	\N	67	\N	2012-03-01 13:35:02	2016-03-17 09:19:04.94469
1530	699	222	<	1.37202632	\N	\N	67	\N	2012-03-01 13:35:02	2016-03-17 09:19:04.94469
1531	699	325	<	0.155931935	\N	\N	67	\N	2012-03-01 13:35:02	2016-03-17 09:19:04.94469
1532	699	340	<	0.152073264	\N	\N	67	\N	2012-03-01 13:35:02	2016-03-17 09:19:04.94469
1533	699	369	<	0.148148373	\N	\N	67	\N	2012-03-01 13:35:02	2016-03-17 09:19:04.94469
1534	699	373	<	0.13217625	\N	\N	67	\N	2012-03-01 13:35:02	2016-03-17 09:19:04.94469
1535	699	404	<	0.801997662	\N	\N	67	\N	2012-03-01 13:35:02	2016-03-17 09:19:04.94469
1509	697	28	\N	100.402802	1.70000005	\N	67	\N	2012-06-18 08:47:25	2016-03-17 09:19:04.94469
1510	697	68	<	0.200000003	\N	\N	67	\N	2012-06-18 08:47:25	2016-03-17 09:19:04.94469
1511	697	220	<	0.281809092	\N	\N	67	\N	2012-06-18 08:47:25	2016-03-17 09:19:04.94469
1512	697	222	<	1.97511685	\N	\N	67	\N	2012-06-18 08:47:25	2016-03-17 09:19:04.94469
1513	697	325	<	1.44841325	\N	\N	67	\N	2012-06-18 08:47:25	2016-03-17 09:19:04.94469
1514	697	340	<	0.525570631	\N	\N	67	\N	2012-06-18 08:47:25	2016-03-17 09:19:04.94469
1515	697	369	<	0.200000003	\N	\N	67	\N	2012-06-18 08:47:25	2016-03-17 09:19:04.94469
1516	697	373	\N	40.8204346	0.800000012	\N	67	\N	2012-06-18 08:47:25	2016-03-17 09:19:04.94469
1517	697	404	<	1.15046942	\N	\N	67	\N	2012-06-18 08:47:25	2016-03-17 09:19:04.94469
129	765	165	\N	0.00960000046	12.3999996	0.00520000001	63	\N	2012-02-22 10:33:00	2016-03-17 09:19:04.94469
120	764	28	\N	47.4342995	1.5	\N	63	\N	2012-01-23 08:56:08	2016-03-17 09:19:04.94469
121	764	68	<	0.055788707	\N	\N	63	\N	2012-01-23 08:56:08	2016-03-17 09:19:04.94469
122	764	220	<	0.0449622944	\N	\N	63	\N	2012-01-23 08:56:08	2016-03-17 09:19:04.94469
123	764	222	<	0.425907433	\N	\N	63	\N	2012-01-23 08:56:08	2016-03-17 09:19:04.94469
124	764	325	<	0.117578633	\N	\N	63	\N	2012-01-23 08:56:08	2016-03-17 09:19:04.94469
125	764	340	<	0.065038316	\N	\N	63	\N	2012-01-23 08:56:08	2016-03-17 09:19:04.94469
126	764	369	<	0.043577373	\N	\N	63	\N	2012-01-23 08:56:08	2016-03-17 09:19:04.94469
127	764	373	\N	0.174444675	9.5	\N	63	\N	2012-01-23 08:56:08	2016-03-17 09:19:04.94469
128	764	404	<	0.152959079	\N	\N	63	\N	2012-01-23 08:56:08	2016-03-17 09:19:04.94469
1824	876	28	\N	47.2689018	4.5	\N	63	\N	2012-01-27 17:04:47	2016-03-17 09:19:04.94469
1825	876	68	<	0.0670299977	\N	\N	63	\N	2012-01-27 17:04:47	2016-03-17 09:19:04.94469
1826	876	220	<	0.0517399982	\N	\N	63	\N	2012-01-27 17:04:47	2016-03-17 09:19:04.94469
1827	876	340	<	0.0600100011	\N	\N	63	\N	2012-01-27 17:04:47	2016-03-17 09:19:04.94469
1828	876	369	<	0.0515800007	\N	\N	63	\N	2012-01-27 17:04:47	2016-03-17 09:19:04.94469
1829	876	373	<	0.0615600012	\N	\N	63	\N	2012-01-27 17:04:47	2016-03-17 09:19:04.94469
1830	876	404	<	0.430500001	\N	\N	63	\N	2012-01-27 17:04:47	2016-03-17 09:19:04.94469
6461	877	164	\N	0.00999999978	10	0	63	f	2016-03-07 15:46:01	2016-03-17 09:19:04.94469
1831	877	165	\N	0.0189999994	23.3999996	\N	63	\N	2012-05-23 19:05:54	2016-03-17 09:19:04.94469
6466	1008	28	\N	0	\N	\N	1	\N	\N	2016-03-17 09:19:04.94469
6467	1008	331	\N	0	\N	\N	1	\N	\N	2016-03-17 09:19:04.94469
6468	1008	369	\N	0	\N	\N	1	\N	\N	2016-03-17 09:19:04.94469
1473	693	28	\N	115.055702	1.10000002	\N	67	\N	2012-03-01 13:35:02	2016-03-17 09:19:04.94469
1474	693	68	<	0.119670942	\N	\N	67	\N	2012-03-01 13:35:02	2016-03-17 09:19:04.94469
1475	693	220	<	0.0891667977	\N	\N	67	\N	2012-03-01 13:35:02	2016-03-17 09:19:04.94469
1476	693	222	<	0.860624194	\N	\N	67	\N	2012-03-01 13:35:02	2016-03-17 09:19:04.94469
1477	693	325	<	0.0925810114	\N	\N	67	\N	2012-03-01 13:35:02	2016-03-17 09:19:04.94469
1478	693	340	<	0.0928947553	\N	\N	67	\N	2012-03-01 13:35:02	2016-03-17 09:19:04.94469
1479	693	369	<	0.0887934268	\N	\N	67	\N	2012-03-01 13:35:02	2016-03-17 09:19:04.94469
1480	693	373	\N	0.103807718	26.2999992	\N	67	\N	2012-03-01 13:35:02	2016-03-17 09:19:04.94469
1481	693	404	<	0.464386255	\N	\N	67	\N	2012-03-01 13:35:02	2016-03-17 09:19:04.94469
849	604	28	\N	93.2788315	1.39999998	\N	67	\N	2012-06-11 11:16:53	2016-03-17 09:19:04.94469
850	604	68	<	0.142586127	\N	\N	67	\N	2012-06-11 11:16:53	2016-03-17 09:19:04.94469
851	604	220	<	0.147827238	\N	\N	67	\N	2012-06-11 11:16:53	2016-03-17 09:19:04.94469
852	604	222	<	1.32585192	\N	\N	67	\N	2012-06-11 11:16:53	2016-03-17 09:19:04.94469
853	604	325	<	0.302643239	\N	\N	67	\N	2012-06-11 11:16:53	2016-03-17 09:19:04.94469
854	604	340	<	0.190747038	\N	\N	67	\N	2012-06-11 11:16:53	2016-03-17 09:19:04.94469
855	604	369	<	0.143185914	\N	\N	67	\N	2012-06-11 11:16:53	2016-03-17 09:19:04.94469
856	604	373	\N	0.592932701	7.9000001	\N	67	\N	2012-06-11 11:16:53	2016-03-17 09:19:04.94469
857	604	404	<	0.9532758	\N	\N	67	\N	2012-06-11 11:16:53	2016-03-17 09:19:04.94469
2224	455	28	\N	62.3479996	4.5	\N	67	\N	2012-01-18 12:43:58	2016-03-17 09:19:04.94469
2225	455	68	<	0.0970000029	\N	\N	67	\N	2012-01-18 12:43:58	2016-03-17 09:19:04.94469
2226	455	220	<	0.0810000002	\N	\N	67	\N	2012-01-18 12:43:58	2016-03-17 09:19:04.94469
2227	455	340	<	0.0970000029	\N	\N	67	\N	2012-01-18 12:43:58	2016-03-17 09:19:04.94469
2228	455	369	<	0.0810000002	\N	\N	67	\N	2012-01-18 12:43:58	2016-03-17 09:19:04.94469
2229	455	373	<	0.105999999	\N	\N	67	\N	2012-01-18 12:43:58	2016-03-17 09:19:04.94469
2230	455	404	<	0.621999979	\N	\N	67	\N	2012-01-18 12:43:58	2016-03-17 09:19:04.94469
1337	677	28	\N	124.807793	1	\N	67	\N	2012-02-01 09:06:15	2016-03-17 09:19:04.94469
1338	677	68	<	0.111939617	\N	\N	67	\N	2012-02-01 09:06:15	2016-03-17 09:19:04.94469
1339	677	220	<	0.0848656371	\N	\N	67	\N	2012-02-01 09:06:15	2016-03-17 09:19:04.94469
1340	677	222	<	0.862398803	\N	\N	67	\N	2012-02-01 09:06:15	2016-03-17 09:19:04.94469
1341	677	325	<	0.0836788341	\N	\N	67	\N	2012-02-01 09:06:15	2016-03-17 09:19:04.94469
1342	677	340	<	0.0859226957	\N	\N	67	\N	2012-02-01 09:06:15	2016-03-17 09:19:04.94469
1343	677	369	<	0.0963074416	\N	\N	67	\N	2012-02-01 09:06:15	2016-03-17 09:19:04.94469
1344	677	373	<	0.10387747	\N	\N	67	\N	2012-02-01 09:06:15	2016-03-17 09:19:04.94469
1345	677	404	<	0.341507882	\N	\N	67	\N	2012-02-01 09:06:15	2016-03-17 09:19:04.94469
1355	679	28	\N	23.55159	4.5999999	\N	67	\N	2012-02-01 09:06:15	2016-03-17 09:19:04.94469
1356	679	68	<	0.161153004	\N	\N	67	\N	2012-02-01 09:06:15	2016-03-17 09:19:04.94469
1357	679	220	<	0.141316801	\N	\N	67	\N	2012-02-01 09:06:15	2016-03-17 09:19:04.94469
1358	679	222	<	1.34632719	\N	\N	67	\N	2012-02-01 09:06:15	2016-03-17 09:19:04.94469
1359	679	325	<	0.161958024	\N	\N	67	\N	2012-02-01 09:06:15	2016-03-17 09:19:04.94469
1360	679	340	<	0.150202721	\N	\N	67	\N	2012-02-01 09:06:15	2016-03-17 09:19:04.94469
1361	679	369	<	0.145732105	\N	\N	67	\N	2012-02-01 09:06:15	2016-03-17 09:19:04.94469
1362	679	373	<	0.141465157	\N	\N	67	\N	2012-02-01 09:06:15	2016-03-17 09:19:04.94469
1363	679	404	<	0.828320026	\N	\N	67	\N	2012-02-01 09:06:15	2016-03-17 09:19:04.94469
3495	907	28	\N	27.0020008	7.0999999	\N	67	\N	2012-06-19 09:32:23	2016-03-17 09:19:04.94469
3496	907	68	<	0.178000003	\N	\N	67	\N	2012-06-19 09:32:23	2016-03-17 09:19:04.94469
3497	907	220	<	0.152999997	\N	\N	67	\N	2012-06-19 09:32:23	2016-03-17 09:19:04.94469
3498	907	340	<	0.159999996	\N	\N	67	\N	2012-06-19 09:32:23	2016-03-17 09:19:04.94469
3499	907	369	<	0.148000002	\N	\N	67	\N	2012-06-19 09:32:23	2016-03-17 09:19:04.94469
3500	907	373	<	0.173999995	\N	\N	67	\N	2012-06-19 09:32:23	2016-03-17 09:19:04.94469
3501	907	404	<	1.11099994	\N	\N	67	\N	2012-06-19 09:32:23	2016-03-17 09:19:04.94469
2027	409	28	\N	118.767998	4.4000001	\N	67	\N	2012-05-04 11:31:45	2016-03-17 09:19:04.94469
2028	409	68	<	0.120999999	\N	\N	67	\N	2012-05-04 11:31:45	2016-03-17 09:19:04.94469
2029	409	220	<	0.0979999974	\N	\N	67	\N	2012-05-04 11:31:45	2016-03-17 09:19:04.94469
2030	409	340	<	0.112000003	\N	\N	67	\N	2012-05-04 11:31:45	2016-03-17 09:19:04.94469
2031	409	369	<	0.108000003	\N	\N	67	\N	2012-05-04 11:31:45	2016-03-17 09:19:04.94469
2032	409	373	<	0.136999995	\N	\N	67	\N	2012-05-04 11:31:45	2016-03-17 09:19:04.94469
2033	409	404	<	0.662999988	\N	\N	67	\N	2012-05-04 11:31:45	2016-03-17 09:19:04.94469
3347	45	28	\N	73.1989975	4.5	\N	67	\N	2012-06-20 08:55:23	2016-03-17 09:19:04.94469
3348	45	68	<	0.105999999	\N	\N	67	\N	2012-06-20 08:55:23	2016-03-17 09:19:04.94469
3349	45	220	<	0.0879999995	\N	\N	67	\N	2012-06-20 08:55:23	2016-03-17 09:19:04.94469
3350	45	340	<	0.107000001	\N	\N	67	\N	2012-06-20 08:55:23	2016-03-17 09:19:04.94469
3351	45	369	<	0.0970000029	\N	\N	67	\N	2012-06-20 08:55:23	2016-03-17 09:19:04.94469
3352	45	373	<	0.114	\N	\N	67	\N	2012-06-20 08:55:23	2016-03-17 09:19:04.94469
3353	45	404	<	0.619000018	\N	\N	67	\N	2012-06-20 08:55:23	2016-03-17 09:19:04.94469
1992	404	28	\N	72.177002	4.4000001	\N	67	\N	2012-01-11 14:27:56	2016-03-17 09:19:04.94469
1993	404	68	<	0.0890000015	\N	\N	67	\N	2012-01-11 14:27:56	2016-03-17 09:19:04.94469
1994	404	220	<	0.0680000037	\N	\N	67	\N	2012-01-11 14:27:56	2016-03-17 09:19:04.94469
1995	404	340	<	0.0850000009	\N	\N	67	\N	2012-01-11 14:27:56	2016-03-17 09:19:04.94469
1996	404	369	<	0.0680000037	\N	\N	67	\N	2012-01-11 14:27:56	2016-03-17 09:19:04.94469
1997	404	373	<	0.0810000002	\N	\N	67	\N	2012-01-11 14:27:56	2016-03-17 09:19:04.94469
1998	404	404	<	0.483999997	\N	\N	67	\N	2012-01-11 14:27:56	2016-03-17 09:19:04.94469
1262	669	28	\N	76.7529602	1.70000005	\N	67	\N	2012-06-11 11:16:53	2016-03-17 09:19:04.94469
1263	669	68	<	0.169841558	\N	\N	67	\N	2012-06-11 11:16:53	2016-03-17 09:19:04.94469
1264	669	220	<	0.135238096	\N	\N	67	\N	2012-06-11 11:16:53	2016-03-17 09:19:04.94469
1265	669	222	<	1.3682282	\N	\N	67	\N	2012-06-11 11:16:53	2016-03-17 09:19:04.94469
1266	669	325	<	0.120374463	\N	\N	67	\N	2012-06-11 11:16:53	2016-03-17 09:19:04.94469
1267	669	340	<	0.12688227	\N	\N	67	\N	2012-06-11 11:16:53	2016-03-17 09:19:04.94469
1268	669	369	<	0.143208504	\N	\N	67	\N	2012-06-11 11:16:53	2016-03-17 09:19:04.94469
1269	669	373	<	0.15574947	\N	\N	67	\N	2012-06-11 11:16:53	2016-03-17 09:19:04.94469
1270	669	404	<	0.566533923	\N	\N	67	\N	2012-06-11 11:16:53	2016-03-17 09:19:04.94469
6374	382	28	\N	111.257004	7.69999981	\N	67	\N	2012-04-26 12:56:57	2016-03-17 09:19:04.94469
6375	382	68	<	0.368000001	\N	\N	67	\N	2012-04-26 12:56:57	2016-03-17 09:19:04.94469
6376	382	220	<	0.529999971	\N	\N	67	\N	2012-04-26 12:56:57	2016-03-17 09:19:04.94469
6377	382	340	<	0.593999982	\N	\N	67	\N	2012-04-26 12:56:57	2016-03-17 09:19:04.94469
6378	382	369	<	0.501999974	\N	\N	67	\N	2012-04-26 12:56:57	2016-03-17 09:19:04.94469
6379	382	373	\N	2.29500008	15.3999996	\N	67	\N	2012-04-26 12:56:57	2016-03-17 09:19:04.94469
6380	382	404	<	3.46700001	\N	\N	67	\N	2012-04-26 12:56:57	2016-03-17 09:19:04.94469
1419	687	28	\N	26.8731232	3.5	\N	67	\N	2012-02-06 08:57:51	2016-03-17 09:19:04.94469
1420	687	68	<	0.139102891	\N	\N	67	\N	2012-02-06 08:57:51	2016-03-17 09:19:04.94469
1421	687	220	<	0.142707929	\N	\N	67	\N	2012-02-06 08:57:51	2016-03-17 09:19:04.94469
1422	687	222	<	1.22595179	\N	\N	67	\N	2012-02-06 08:57:51	2016-03-17 09:19:04.94469
1423	687	325	<	0.48255229	\N	\N	67	\N	2012-02-06 08:57:51	2016-03-17 09:19:04.94469
1424	687	340	<	0.229643136	\N	\N	67	\N	2012-02-06 08:57:51	2016-03-17 09:19:04.94469
1425	687	369	<	0.128076345	\N	\N	67	\N	2012-02-06 08:57:51	2016-03-17 09:19:04.94469
1426	687	373	\N	5.90278673	1.60000002	\N	67	\N	2012-02-06 08:57:51	2016-03-17 09:19:04.94469
1427	687	404	<	0.471235216	\N	\N	67	\N	2012-02-06 08:57:51	2016-03-17 09:19:04.94469
1410	686	28	\N	41.1948166	2.20000005	\N	67	\N	2012-02-01 09:06:15	2016-03-17 09:19:04.94469
1411	686	68	<	0.120307639	\N	\N	67	\N	2012-02-01 09:06:15	2016-03-17 09:19:04.94469
1412	686	220	<	0.121018372	\N	\N	67	\N	2012-02-01 09:06:15	2016-03-17 09:19:04.94469
1413	686	222	<	1.1164465	\N	\N	67	\N	2012-02-01 09:06:15	2016-03-17 09:19:04.94469
1414	686	325	<	0.18768625	\N	\N	67	\N	2012-02-01 09:06:15	2016-03-17 09:19:04.94469
1415	686	340	<	0.148165181	\N	\N	67	\N	2012-02-01 09:06:15	2016-03-17 09:19:04.94469
1416	686	369	<	0.115840979	\N	\N	67	\N	2012-02-01 09:06:15	2016-03-17 09:19:04.94469
1417	686	373	<	0.125201866	\N	\N	67	\N	2012-02-01 09:06:15	2016-03-17 09:19:04.94469
1418	686	404	<	0.75336194	\N	\N	67	\N	2012-02-01 09:06:15	2016-03-17 09:19:04.94469
3488	906	28	\N	41.3510017	5	\N	67	\N	2012-06-20 08:56:20	2016-03-17 09:19:04.94469
3489	906	68	<	0.118000001	\N	\N	67	\N	2012-06-20 08:56:20	2016-03-17 09:19:04.94469
3490	906	220	<	0.105999999	\N	\N	67	\N	2012-06-20 08:56:20	2016-03-17 09:19:04.94469
3491	906	340	<	0.136999995	\N	\N	67	\N	2012-06-20 08:56:20	2016-03-17 09:19:04.94469
3492	906	369	<	0.104000002	\N	\N	67	\N	2012-06-20 08:56:20	2016-03-17 09:19:04.94469
3493	906	373	<	0.127000004	\N	\N	67	\N	2012-06-20 08:56:20	2016-03-17 09:19:04.94469
3494	906	404	<	0.666000009	\N	\N	67	\N	2012-06-20 08:56:20	2016-03-17 09:19:04.94469
1374	682	28	\N	116.195259	1.10000002	\N	67	\N	2012-05-15 08:27:55	2016-03-17 09:19:04.94469
1375	682	68	<	0.118619174	\N	\N	67	\N	2012-05-15 08:27:55	2016-03-17 09:19:04.94469
1376	682	220	<	0.106746331	\N	\N	67	\N	2012-05-15 08:27:55	2016-03-17 09:19:04.94469
1377	682	222	<	1.00748837	\N	\N	67	\N	2012-05-15 08:27:55	2016-03-17 09:19:04.94469
1378	682	325	<	0.110738158	\N	\N	67	\N	2012-05-15 08:27:55	2016-03-17 09:19:04.94469
1379	682	340	<	0.10933657	\N	\N	67	\N	2012-05-15 08:27:55	2016-03-17 09:19:04.94469
1380	682	369	<	0.11291042	\N	\N	67	\N	2012-05-15 08:27:55	2016-03-17 09:19:04.94469
1381	682	373	<	0.120659195	\N	\N	67	\N	2012-05-15 08:27:55	2016-03-17 09:19:04.94469
1382	682	404	<	0.741539538	\N	\N	67	\N	2012-05-15 08:27:55	2016-03-17 09:19:04.94469
1	749	28	\N	97	1.10000002	\N	69	\N	2012-01-23 08:56:08	2016-03-17 09:19:04.94469
2	749	68	<	0.0716999993	\N	\N	69	\N	2012-01-23 08:56:08	2016-03-17 09:19:04.94469
3	749	220	<	0.0644000024	\N	\N	69	\N	2012-01-23 08:56:08	2016-03-17 09:19:04.94469
4	749	222	<	0.558000028	\N	\N	69	\N	2012-01-23 08:56:08	2016-03-17 09:19:04.94469
5	749	325	<	0.279000014	\N	\N	69	\N	2012-01-23 08:56:08	2016-03-17 09:19:04.94469
6	749	340	<	0.111000001	\N	\N	69	\N	2012-01-23 08:56:08	2016-03-17 09:19:04.94469
7	749	369	<	0.0584000014	\N	\N	69	\N	2012-01-23 08:56:08	2016-03-17 09:19:04.94469
8	749	373	<	0.0666000023	\N	\N	69	\N	2012-01-23 08:56:08	2016-03-17 09:19:04.94469
9	749	404	<	0.222000003	\N	\N	69	\N	2012-01-23 08:56:08	2016-03-17 09:19:04.94469
687	855	1	<	3	\N	\N	63	\N	2012-04-16 09:51:41	2016-03-17 09:19:04.94469
692	856	28	\N	0.128978923	7.5	\N	63	\N	2012-03-22 08:12:08	2016-03-17 09:19:04.94469
693	856	68	<	0.00137814821	\N	\N	63	\N	2012-03-22 08:12:08	2016-03-17 09:19:04.94469
694	856	220	<	0.00145654008	\N	\N	63	\N	2012-03-22 08:12:08	2016-03-17 09:19:04.94469
695	856	222	<	0.0119643118	\N	\N	63	\N	2012-03-22 08:12:08	2016-03-17 09:19:04.94469
696	856	325	<	0.0242622104	\N	\N	63	\N	2012-03-22 08:12:08	2016-03-17 09:19:04.94469
697	856	340	<	0.00414422341	\N	\N	63	\N	2012-03-22 08:12:08	2016-03-17 09:19:04.94469
698	856	369	<	0.00138184184	\N	\N	63	\N	2012-03-22 08:12:08	2016-03-17 09:19:04.94469
699	856	373	<	0.00138636387	\N	\N	63	\N	2012-03-22 08:12:08	2016-03-17 09:19:04.94469
700	856	404	<	0.00521474099	\N	\N	63	\N	2012-03-22 08:12:08	2016-03-17 09:19:04.94469
701	856	658	\N	0.0307449047	4.5	\N	63	\N	2012-03-22 08:12:08	2016-03-17 09:19:04.94469
702	856	670	\N	0.0340126492	14.1000004	\N	63	\N	2012-03-22 08:12:08	2016-03-17 09:19:04.94469
703	856	672	\N	0.0316770412	1.89999998	\N	63	\N	2012-03-22 08:12:08	2016-03-17 09:19:04.94469
704	856	673	\N	0.00955014862	8.30000019	\N	63	\N	2012-03-22 08:12:08	2016-03-17 09:19:04.94469
705	856	684	\N	0.0362088233	12.6000004	\N	63	\N	2012-03-22 08:12:08	2016-03-17 09:19:04.94469
706	856	686	\N	0.0102149891	9	\N	63	\N	2012-03-22 08:12:08	2016-03-17 09:19:04.94469
707	856	717	<	0.0337323584	\N	\N	63	\N	2012-03-22 08:12:08	2016-03-17 09:19:04.94469
708	856	725	\N	0.011143636	9.39999962	\N	63	\N	2012-03-22 08:12:08	2016-03-17 09:19:04.94469
688	857	746	\N	0.00115999999	4.80000019	3.69000009e-05	63	\N	2012-05-04 07:21:12	2016-03-17 09:19:04.94469
689	857	747	\N	4.74000008e-05	26.2000008	2.83999998e-05	63	\N	2012-05-04 07:21:12	2016-03-17 09:19:04.94469
690	857	750	\N	0.00101000001	5.0999999	3.85999992e-05	63	\N	2012-05-04 07:21:12	2016-03-17 09:19:04.94469
691	858	165	\N	0.00200000009	5.80000019	0.00046000001	63	\N	2012-05-21 12:02:14	2016-03-17 09:19:04.94469
709	859	768	<	2.83000008e-05	\N	\N	63	\N	2012-05-04 07:22:50	2016-03-17 09:19:04.94469
710	859	850	<	3.22000014e-05	\N	\N	63	\N	2012-05-04 07:22:50	2016-03-17 09:19:04.94469
3335	781	28	<	0.175999999	\N	\N	63	\N	2012-05-30 13:21:12	2016-03-17 09:19:04.94469
3336	781	68	<	0.00700000022	\N	\N	63	\N	2012-05-30 13:21:12	2016-03-17 09:19:04.94469
3337	781	220	<	0.0109999999	\N	\N	63	\N	2012-05-30 13:21:12	2016-03-17 09:19:04.94469
3338	781	340	<	0.0390000008	\N	\N	63	\N	2012-05-30 13:21:12	2016-03-17 09:19:04.94469
3339	781	369	<	0.00700000022	\N	\N	63	\N	2012-05-30 13:21:12	2016-03-17 09:19:04.94469
3340	781	373	<	0.00800000038	\N	\N	63	\N	2012-05-30 13:21:12	2016-03-17 09:19:04.94469
3341	781	404	<	0.0460000001	\N	\N	63	\N	2012-05-30 13:21:12	2016-03-17 09:19:04.94469
3333	782	165	\N	0.00800000038	25.1000004	0.00700000022	63	\N	2012-07-12 13:30:43	2016-03-17 09:19:04.94469
3342	783	746	\N	0.0710000023	16	\N	63	\N	2012-09-12 08:24:09	2016-03-17 09:19:04.94469
3343	783	747	<	0.00499999989	\N	\N	63	\N	2012-09-12 08:24:09	2016-03-17 09:19:04.94469
3344	783	750	\N	0.0370000005	16	\N	63	\N	2012-09-12 08:24:09	2016-03-17 09:19:04.94469
3345	783	768	<	0.00499999989	\N	\N	63	\N	2012-09-12 08:24:09	2016-03-17 09:19:04.94469
3346	783	850	<	0.00499999989	\N	\N	63	\N	2012-09-12 08:24:09	2016-03-17 09:19:04.94469
3334	784	1	<	6.98000002	\N	\N	63	\N	2012-07-05 08:00:46	2016-03-17 09:19:04.94469
3312	776	746	\N	0.0120000001	16	\N	63	\N	2012-09-12 08:23:10	2016-03-17 09:19:04.94469
3313	776	747	<	0.00499999989	\N	\N	63	\N	2012-09-12 08:23:10	2016-03-17 09:19:04.94469
3314	776	750	\N	0.00999999978	17	\N	63	\N	2012-09-12 08:23:10	2016-03-17 09:19:04.94469
3315	776	768	<	0.00499999989	\N	\N	63	\N	2012-09-12 08:23:10	2016-03-17 09:19:04.94469
3316	776	850	<	0.00499999989	\N	\N	63	\N	2012-09-12 08:23:10	2016-03-17 09:19:04.94469
3317	777	28	<	0.241999999	\N	\N	63	\N	2012-06-13 08:51:46	2016-03-17 09:19:04.94469
3318	777	68	<	0.00899999961	\N	\N	63	\N	2012-06-13 08:51:46	2016-03-17 09:19:04.94469
3319	777	220	<	0.0170000009	\N	\N	63	\N	2012-06-13 08:51:46	2016-03-17 09:19:04.94469
3320	777	340	<	0.195999995	\N	\N	63	\N	2012-06-13 08:51:46	2016-03-17 09:19:04.94469
3321	777	369	<	0.00899999961	\N	\N	63	\N	2012-06-13 08:51:46	2016-03-17 09:19:04.94469
3322	777	373	<	0.0109999999	\N	\N	63	\N	2012-06-13 08:51:46	2016-03-17 09:19:04.94469
3323	777	404	<	0.0839999989	\N	\N	63	\N	2012-06-13 08:51:46	2016-03-17 09:19:04.94469
3325	778	1	<	7	\N	\N	63	\N	2012-07-05 07:59:30	2016-03-17 09:19:04.94469
3324	779	165	\N	0.00999999978	24	0.00800000038	63	\N	2012-07-12 13:35:14	2016-03-17 09:19:04.94469
2238	457	28	<	0.204999998	\N	\N	63	\N	2012-03-02 12:40:21	2016-03-17 09:19:04.94469
2239	457	68	<	0.00700000022	\N	\N	63	\N	2012-03-02 12:40:21	2016-03-17 09:19:04.94469
2240	457	220	<	0.00999999978	\N	\N	63	\N	2012-03-02 12:40:21	2016-03-17 09:19:04.94469
2241	457	340	<	0.0560000017	\N	\N	63	\N	2012-03-02 12:40:21	2016-03-17 09:19:04.94469
2242	457	369	<	0.00700000022	\N	\N	63	\N	2012-03-02 12:40:21	2016-03-17 09:19:04.94469
2243	457	373	<	0.00700000022	\N	\N	63	\N	2012-03-02 12:40:21	2016-03-17 09:19:04.94469
2244	457	404	<	0.0549999997	\N	\N	63	\N	2012-03-02 12:40:21	2016-03-17 09:19:04.94469
2642	546	28	\N	252.158997	4.30000019	\N	65	\N	2012-04-18 11:47:50	2016-03-17 09:19:04.94469
2643	546	68	<	0.226999998	\N	\N	65	\N	2012-04-18 11:47:50	2016-03-17 09:19:04.94469
2644	546	220	<	0.335999995	\N	\N	65	\N	2012-04-18 11:47:50	2016-03-17 09:19:04.94469
2645	546	340	<	1.01400006	\N	\N	65	\N	2012-04-18 11:47:50	2016-03-17 09:19:04.94469
2646	546	369	<	0.215000004	\N	\N	65	\N	2012-04-18 11:47:50	2016-03-17 09:19:04.94469
2647	546	373	\N	59.4729996	6	\N	65	\N	2012-04-18 11:47:50	2016-03-17 09:19:04.94469
2648	546	404	<	1.42999995	\N	\N	65	\N	2012-04-18 11:47:50	2016-03-17 09:19:04.94469
2641	547	165	\N	4.76999998	16.1000004	\N	65	\N	2013-02-12 12:36:06	2016-03-17 09:19:04.94469
2583	536	28	\N	593.539001	4.19999981	\N	65	\N	2012-04-18 11:47:05	2016-03-17 09:19:04.94469
2584	536	68	<	0.180000007	\N	\N	65	\N	2012-04-18 11:47:05	2016-03-17 09:19:04.94469
2585	536	220	<	0.195999995	\N	\N	65	\N	2012-04-18 11:47:05	2016-03-17 09:19:04.94469
2586	536	340	<	0.284000009	\N	\N	65	\N	2012-04-18 11:47:05	2016-03-17 09:19:04.94469
2587	536	369	<	0.172999993	\N	\N	65	\N	2012-04-18 11:47:05	2016-03-17 09:19:04.94469
2588	536	373	\N	12.691	6.0999999	\N	65	\N	2012-04-18 11:47:05	2016-03-17 09:19:04.94469
2589	536	404	<	1.847	\N	\N	65	\N	2012-04-18 11:47:05	2016-03-17 09:19:04.94469
2671	552	165	\N	1.38	16.3999996	\N	65	\N	2012-10-31 12:51:02	2016-03-17 09:19:04.94469
2672	553	28	\N	354.654999	4.19999981	\N	65	\N	2012-04-18 11:47:21	2016-03-17 09:19:04.94469
2673	553	68	<	0.174999997	\N	\N	65	\N	2012-04-18 11:47:21	2016-03-17 09:19:04.94469
2674	553	220	<	0.185000002	\N	\N	65	\N	2012-04-18 11:47:21	2016-03-17 09:19:04.94469
2675	553	340	<	0.273999989	\N	\N	65	\N	2012-04-18 11:47:21	2016-03-17 09:19:04.94469
2676	553	369	<	0.166999996	\N	\N	65	\N	2012-04-18 11:47:21	2016-03-17 09:19:04.94469
2677	553	373	\N	13.941	6.0999999	\N	65	\N	2012-04-18 11:47:21	2016-03-17 09:19:04.94469
2678	553	404	<	1.47599995	\N	\N	65	\N	2012-04-18 11:47:21	2016-03-17 09:19:04.94469
504	841	2	\N	7.41751909	9.5	\N	65	\N	2012-03-20 12:20:47	2016-03-17 09:19:04.94469
505	841	28	\N	229.183197	1.60000002	\N	65	\N	2012-03-20 12:20:47	2016-03-17 09:19:04.94469
506	841	68	<	0.280420214	\N	\N	65	\N	2012-03-20 12:20:47	2016-03-17 09:19:04.94469
507	841	220	<	0.276409924	\N	\N	65	\N	2012-03-20 12:20:47	2016-03-17 09:19:04.94469
508	841	222	<	2.49894071	\N	\N	65	\N	2012-03-20 12:20:47	2016-03-17 09:19:04.94469
509	841	325	<	0.706013322	\N	\N	65	\N	2012-03-20 12:20:47	2016-03-17 09:19:04.94469
510	841	340	<	0.397895038	\N	\N	65	\N	2012-03-20 12:20:47	2016-03-17 09:19:04.94469
511	841	369	<	0.342206806	\N	\N	65	\N	2012-03-20 12:20:47	2016-03-17 09:19:04.94469
512	841	373	\N	14.0789299	1.20000005	\N	65	\N	2012-03-20 12:20:47	2016-03-17 09:19:04.94469
513	841	404	<	1.67993307	\N	\N	65	\N	2012-03-20 12:20:47	2016-03-17 09:19:04.94469
514	841	658	\N	30.4505348	1.39999998	\N	65	\N	2012-03-20 12:20:47	2016-03-17 09:19:04.94469
515	841	670	\N	154.071564	1.70000005	\N	65	\N	2012-03-20 12:20:47	2016-03-17 09:19:04.94469
516	841	672	\N	33.0379944	0.699999988	\N	65	\N	2012-03-20 12:20:47	2016-03-17 09:19:04.94469
517	841	673	\N	33.3438644	0.699999988	\N	65	\N	2012-03-20 12:20:47	2016-03-17 09:19:04.94469
518	841	684	\N	35.9584198	3.70000005	\N	65	\N	2012-03-20 12:20:47	2016-03-17 09:19:04.94469
519	841	686	\N	31.8192616	0.800000012	\N	65	\N	2012-03-20 12:20:47	2016-03-17 09:19:04.94469
520	841	717	\N	84.5872726	6.5999999	\N	65	\N	2012-03-20 12:20:47	2016-03-17 09:19:04.94469
521	841	725	\N	36.3506203	0.899999976	\N	65	\N	2012-03-20 12:20:47	2016-03-17 09:19:04.94469
2755	574	28	\N	502.60199	4.5	\N	65	\N	2012-03-09 08:51:44	2016-03-17 09:19:04.94469
2756	574	68	<	0.930000007	\N	\N	65	\N	2012-03-09 08:51:44	2016-03-17 09:19:04.94469
2757	574	220	<	1.15999997	\N	\N	65	\N	2012-03-09 08:51:44	2016-03-17 09:19:04.94469
2758	574	340	\N	11.974	21.7999992	\N	65	\N	2012-03-09 08:51:44	2016-03-17 09:19:04.94469
2759	574	369	<	0.708999991	\N	\N	65	\N	2012-03-09 08:51:44	2016-03-17 09:19:04.94469
2760	574	373	\N	6.58300018	7.9000001	\N	65	\N	2012-03-09 08:51:44	2016-03-17 09:19:04.94469
2761	574	404	<	3.52200007	\N	\N	65	\N	2012-03-09 08:51:44	2016-03-17 09:19:04.94469
2702	558	1	\N	6.04761505	17.6000004	\N	63	\N	2012-03-15 20:04:12	2016-03-17 09:19:04.94469
2695	559	28	\N	0.762426972	16.1000004	\N	63	\N	2012-03-02 11:00:40	2016-03-17 09:19:04.94469
2696	559	68	<	0.0162599999	\N	\N	63	\N	2012-03-02 11:00:40	2016-03-17 09:19:04.94469
2697	559	220	<	0.0154999997	\N	\N	63	\N	2012-03-02 11:00:40	2016-03-17 09:19:04.94469
2698	559	340	<	0.0520600006	\N	\N	63	\N	2012-03-02 11:00:40	2016-03-17 09:19:04.94469
2699	559	369	<	0.0126599995	\N	\N	63	\N	2012-03-02 11:00:40	2016-03-17 09:19:04.94469
2700	559	373	<	0.0157500003	\N	\N	63	\N	2012-03-02 11:00:40	2016-03-17 09:19:04.94469
2701	559	404	<	0.0680000037	\N	\N	63	\N	2012-03-02 11:00:40	2016-03-17 09:19:04.94469
608	847	2	\N	10.8878679	6.80000019	\N	65	\N	2012-03-12 09:19:07	2016-03-17 09:19:04.94469
609	847	28	\N	378.161255	1.10000002	\N	65	\N	2012-03-12 09:19:07	2016-03-17 09:19:04.94469
610	847	68	<	0.321417511	\N	\N	65	\N	2012-03-12 09:19:07	2016-03-17 09:19:04.94469
611	847	220	<	0.253271103	\N	\N	65	\N	2012-03-12 09:19:07	2016-03-17 09:19:04.94469
612	847	222	<	2.46086812	\N	\N	65	\N	2012-03-12 09:19:07	2016-03-17 09:19:04.94469
613	847	325	<	0.390654087	\N	\N	65	\N	2012-03-12 09:19:07	2016-03-17 09:19:04.94469
614	847	340	\N	0.335008681	22.6000004	\N	65	\N	2012-03-12 09:19:07	2016-03-17 09:19:04.94469
615	847	369	<	0.278405666	\N	\N	65	\N	2012-03-12 09:19:07	2016-03-17 09:19:04.94469
616	847	373	\N	0.83348757	9.30000019	\N	65	\N	2012-03-12 09:19:07	2016-03-17 09:19:04.94469
617	847	404	<	0.915440023	\N	\N	65	\N	2012-03-12 09:19:07	2016-03-17 09:19:04.94469
406	835	28	\N	118.186958	1.70000005	\N	65	\N	2012-03-20 12:20:47	2016-03-17 09:19:04.94469
407	835	68	<	0.167968228	\N	\N	65	\N	2012-03-20 12:20:47	2016-03-17 09:19:04.94469
408	835	220	<	0.188048974	\N	\N	65	\N	2012-03-20 12:20:47	2016-03-17 09:19:04.94469
409	835	222	<	1.59371448	\N	\N	65	\N	2012-03-20 12:20:47	2016-03-17 09:19:04.94469
410	835	325	<	0.770765543	\N	\N	65	\N	2012-03-20 12:20:47	2016-03-17 09:19:04.94469
411	835	340	<	0.325144261	\N	\N	65	\N	2012-03-20 12:20:47	2016-03-17 09:19:04.94469
412	835	369	<	0.196677372	\N	\N	65	\N	2012-03-20 12:20:47	2016-03-17 09:19:04.94469
413	835	373	\N	32.7951164	0.600000024	\N	65	\N	2012-03-20 12:20:47	2016-03-17 09:19:04.94469
414	835	404	<	0.87897718	\N	\N	65	\N	2012-03-20 12:20:47	2016-03-17 09:19:04.94469
415	835	658	\N	11.0682888	1.79999995	\N	65	\N	2012-03-20 12:20:47	2016-03-17 09:19:04.94469
416	835	670	\N	93.789917	1.70000005	\N	65	\N	2012-03-20 12:20:47	2016-03-17 09:19:04.94469
417	835	672	\N	12.002553	1	\N	65	\N	2012-03-20 12:20:47	2016-03-17 09:19:04.94469
418	835	673	\N	13.7101355	1	\N	65	\N	2012-03-20 12:20:47	2016-03-17 09:19:04.94469
419	835	684	\N	14.2685537	4.5999999	\N	65	\N	2012-03-20 12:20:47	2016-03-17 09:19:04.94469
420	835	686	\N	13.1888885	1.10000002	\N	65	\N	2012-03-20 12:20:47	2016-03-17 09:19:04.94469
421	835	717	\N	33.7797928	10.1000004	\N	65	\N	2012-03-20 12:20:47	2016-03-17 09:19:04.94469
422	835	725	\N	11.051178	1.39999998	\N	65	\N	2012-03-20 12:20:47	2016-03-17 09:19:04.94469
236	792	165	\N	0.00240000011	7.80000019	0.000730000029	63	\N	2012-05-21 12:12:40	2016-03-17 09:19:04.94469
249	793	1	<	3	\N	\N	63	\N	2012-04-16 09:57:22	2016-03-17 09:19:04.94469
240	794	28	\N	0.174206644	12.6000004	\N	63	\N	2012-03-22 08:12:08	2016-03-17 09:19:04.94469
241	794	68	<	0.00372764957	\N	\N	63	\N	2012-03-22 08:12:08	2016-03-17 09:19:04.94469
242	794	220	<	0.00606708881	\N	\N	63	\N	2012-03-22 08:12:08	2016-03-17 09:19:04.94469
243	794	222	<	0.0357809216	\N	\N	63	\N	2012-03-22 08:12:08	2016-03-17 09:19:04.94469
244	794	325	<	0.174499005	\N	\N	63	\N	2012-03-22 08:12:08	2016-03-17 09:19:04.94469
245	794	340	<	0.0314799249	\N	\N	63	\N	2012-03-22 08:12:08	2016-03-17 09:19:04.94469
246	794	369	<	0.00366118201	\N	\N	63	\N	2012-03-22 08:12:08	2016-03-17 09:19:04.94469
247	794	373	<	0.00404624688	\N	\N	63	\N	2012-03-22 08:12:08	2016-03-17 09:19:04.94469
248	794	404	<	0.0183811449	\N	\N	63	\N	2012-03-22 08:12:08	2016-03-17 09:19:04.94469
237	795	746	\N	0.00404000003	5	0.000138999996	63	\N	2012-05-07 13:15:57	2016-03-17 09:19:04.94469
238	795	747	\N	0.000127000007	32.0999985	0.000107	63	\N	2012-05-07 13:15:57	2016-03-17 09:19:04.94469
239	795	750	\N	0.00323999999	5.5	0.000144999998	63	\N	2012-05-07 13:15:57	2016-03-17 09:19:04.94469
250	796	768	<	0.000103999999	\N	\N	63	\N	2012-05-07 13:17:54	2016-03-17 09:19:04.94469
251	796	850	<	0.000117000003	\N	\N	63	\N	2012-05-07 13:17:54	2016-03-17 09:19:04.94469
796	593	1	<	2.29999995	\N	\N	63	\N	2012-07-25 12:12:59	2016-03-17 09:19:04.94469
810	594	746	<	0.000287000003	\N	\N	63	\N	2012-06-08 11:51:07	2016-03-17 09:19:04.94469
811	594	747	<	0.000222999995	\N	\N	63	\N	2012-06-08 11:51:07	2016-03-17 09:19:04.94469
812	594	750	<	0.000299000007	\N	\N	63	\N	2012-06-08 11:51:07	2016-03-17 09:19:04.94469
813	595	165	<	0.000289999996	\N	\N	63	\N	2012-07-23 10:54:31	2016-03-17 09:19:04.94469
797	596	28	\N	0.463155925	2	\N	63	\N	2012-05-30 09:36:31	2016-03-17 09:19:04.94469
798	596	68	<	0.00104627968	\N	\N	63	\N	2012-05-30 09:36:31	2016-03-17 09:19:04.94469
799	596	220	<	0.00122176902	\N	\N	63	\N	2012-05-30 09:36:31	2016-03-17 09:19:04.94469
800	596	222	<	0.00855376758	\N	\N	63	\N	2012-05-30 09:36:31	2016-03-17 09:19:04.94469
801	596	325	<	0.0586886294	\N	\N	63	\N	2012-05-30 09:36:31	2016-03-17 09:19:04.94469
802	596	340	<	0.00483464543	\N	\N	63	\N	2012-05-30 09:36:31	2016-03-17 09:19:04.94469
803	596	369	<	0.000995716779	\N	\N	63	\N	2012-05-30 09:36:31	2016-03-17 09:19:04.94469
804	596	373	<	0.00100263243	\N	\N	63	\N	2012-05-30 09:36:31	2016-03-17 09:19:04.94469
805	596	404	<	0.0033729081	\N	\N	63	\N	2012-05-30 09:36:31	2016-03-17 09:19:04.94469
806	596	673	\N	0.0112730805	5.19999981	\N	63	\N	2012-05-30 09:36:31	2016-03-17 09:19:04.94469
807	596	686	\N	0.010525777	7	\N	63	\N	2012-05-30 09:36:31	2016-03-17 09:19:04.94469
808	596	717	<	0.0190863144	\N	\N	63	\N	2012-05-30 09:36:31	2016-03-17 09:19:04.94469
809	596	725	\N	0.0178463068	5	\N	63	\N	2012-05-30 09:36:31	2016-03-17 09:19:04.94469
814	597	768	<	1.6e-05	\N	\N	63	\N	2012-06-08 11:53:04	2016-03-17 09:19:04.94469
815	597	850	<	1.82000003e-05	\N	\N	63	\N	2012-06-08 11:53:04	2016-03-17 09:19:04.94469
2337	649	28	<	0.660000026	\N	\N	63	\N	2012-02-01 13:30:03	2016-03-17 09:19:04.94469
2338	649	68	<	0.0260000005	\N	\N	63	\N	2012-02-01 13:30:03	2016-03-17 09:19:04.94469
2339	649	220	<	0.0289999992	\N	\N	63	\N	2012-02-01 13:30:03	2016-03-17 09:19:04.94469
2340	649	340	<	0.0610000007	\N	\N	63	\N	2012-02-01 13:30:03	2016-03-17 09:19:04.94469
2341	649	369	<	0.0240000002	\N	\N	63	\N	2012-02-01 13:30:03	2016-03-17 09:19:04.94469
2342	649	373	<	0.0309999995	\N	\N	63	\N	2012-02-01 13:30:03	2016-03-17 09:19:04.94469
2343	649	404	<	0.196999997	\N	\N	63	\N	2012-02-01 13:30:03	2016-03-17 09:19:04.94469
2419	499	28	\N	126.535004	6.0999999	\N	65	\N	2012-02-02 13:38:43	2016-03-17 09:19:04.94469
2420	499	68	<	1.079	\N	\N	65	\N	2012-02-02 13:38:43	2016-03-17 09:19:04.94469
2421	499	220	<	1.37199998	\N	\N	65	\N	2012-02-02 13:38:43	2016-03-17 09:19:04.94469
2422	499	340	\N	9.02000046	13.3999996	\N	65	\N	2012-02-02 13:38:43	2016-03-17 09:19:04.94469
2423	499	369	<	1.20000005	\N	\N	65	\N	2012-02-02 13:38:43	2016-03-17 09:19:04.94469
2424	499	373	<	1.57799995	\N	\N	65	\N	2012-02-02 13:38:43	2016-03-17 09:19:04.94469
2425	499	404	<	5.47599983	\N	\N	65	\N	2012-02-02 13:38:43	2016-03-17 09:19:04.94469
2529	517	28	\N	1191.37	4.19999981	\N	65	\N	2012-03-15 10:33:22	2016-03-17 09:19:04.94469
2530	517	68	<	0.257999986	\N	\N	65	\N	2012-03-15 10:33:22	2016-03-17 09:19:04.94469
2531	517	220	<	0.224999994	\N	\N	65	\N	2012-03-15 10:33:22	2016-03-17 09:19:04.94469
2532	517	340	\N	13.7200003	6.80000019	\N	65	\N	2012-03-15 10:33:22	2016-03-17 09:19:04.94469
2533	517	369	<	0.206	\N	\N	65	\N	2012-03-15 10:33:22	2016-03-17 09:19:04.94469
2534	517	373	\N	28.2719994	6.0999999	\N	65	\N	2012-03-15 10:33:22	2016-03-17 09:19:04.94469
2535	517	404	<	1.296	\N	\N	65	\N	2012-03-15 10:33:22	2016-03-17 09:19:04.94469
2515	515	28	\N	232.007996	4.30000019	\N	65	\N	2012-03-15 10:33:31	2016-03-17 09:19:04.94469
2516	515	68	<	0.148000002	\N	\N	65	\N	2012-03-15 10:33:31	2016-03-17 09:19:04.94469
2517	515	220	<	0.149000004	\N	\N	65	\N	2012-03-15 10:33:31	2016-03-17 09:19:04.94469
2518	515	340	<	0.263000011	\N	\N	65	\N	2012-03-15 10:33:31	2016-03-17 09:19:04.94469
2519	515	369	<	0.136000007	\N	\N	65	\N	2012-03-15 10:33:31	2016-03-17 09:19:04.94469
2520	515	373	\N	1.19799995	7.9000001	\N	65	\N	2012-03-15 10:33:31	2016-03-17 09:19:04.94469
2521	515	404	<	1.23500001	\N	\N	65	\N	2012-03-15 10:33:31	2016-03-17 09:19:04.94469
2536	518	28	<	0.93900001	\N	\N	63	\N	2012-03-15 10:32:18	2016-03-17 09:19:04.94469
2537	518	68	<	0.0399999991	\N	\N	63	\N	2012-03-15 10:32:18	2016-03-17 09:19:04.94469
2538	518	220	<	0.0390000008	\N	\N	63	\N	2012-03-15 10:32:18	2016-03-17 09:19:04.94469
2539	518	340	<	0.0700000003	\N	\N	63	\N	2012-03-15 10:32:18	2016-03-17 09:19:04.94469
2540	518	369	<	0.0350000001	\N	\N	63	\N	2012-03-15 10:32:18	2016-03-17 09:19:04.94469
2541	518	373	<	0.0399999991	\N	\N	63	\N	2012-03-15 10:32:18	2016-03-17 09:19:04.94469
2542	518	404	<	0.268000007	\N	\N	63	\N	2012-03-15 10:32:18	2016-03-17 09:19:04.94469
2501	513	28	\N	470.076996	3.9000001	\N	65	\N	2012-03-15 12:09:13	2016-03-17 09:19:04.94469
2502	513	68	<	0.211999997	\N	\N	65	\N	2012-03-15 12:09:13	2016-03-17 09:19:04.94469
2503	513	220	<	0.209000006	\N	\N	65	\N	2012-03-15 12:09:13	2016-03-17 09:19:04.94469
2504	513	340	\N	2.08999991	7.4000001	\N	65	\N	2012-03-15 12:09:13	2016-03-17 09:19:04.94469
2505	513	369	<	0.188999996	\N	\N	65	\N	2012-03-15 12:09:13	2016-03-17 09:19:04.94469
2506	513	373	\N	1.29900002	7	\N	65	\N	2012-03-15 12:09:13	2016-03-17 09:19:04.94469
2507	513	404	<	2.13499999	\N	\N	65	\N	2012-03-15 12:09:13	2016-03-17 09:19:04.94469
2598	538	28	\N	559.809021	4.19999981	\N	65	\N	2012-04-20 12:45:31	2016-03-17 09:19:04.94469
2599	538	68	<	0.174999997	\N	\N	65	\N	2012-04-20 12:45:31	2016-03-17 09:19:04.94469
2600	538	220	<	0.188999996	\N	\N	65	\N	2012-04-20 12:45:31	2016-03-17 09:19:04.94469
2601	538	340	<	0.344999999	\N	\N	65	\N	2012-04-20 12:45:31	2016-03-17 09:19:04.94469
2602	538	369	<	0.160999998	\N	\N	65	\N	2012-04-20 12:45:31	2016-03-17 09:19:04.94469
2603	538	373	\N	16.6019993	6.0999999	\N	65	\N	2012-04-20 12:45:31	2016-03-17 09:19:04.94469
2604	538	404	<	1.28600001	\N	\N	65	\N	2012-04-20 12:45:31	2016-03-17 09:19:04.94469
2597	539	165	\N	1.03999996	16.5	\N	65	\N	2012-06-28 06:24:03	2016-03-17 09:19:04.94469
2280	639	165	\N	0.0649999976	17.7999992	\N	67	\N	2013-02-12 12:42:02	2016-03-17 09:19:04.94469
2273	640	28	\N	148.587006	4.30000019	\N	67	\N	2012-05-04 11:32:54	2016-03-17 09:19:04.94469
2274	640	68	<	0.126000002	\N	\N	67	\N	2012-05-04 11:32:54	2016-03-17 09:19:04.94469
2275	640	220	<	0.103	\N	\N	67	\N	2012-05-04 11:32:54	2016-03-17 09:19:04.94469
2276	640	340	<	0.166999996	\N	\N	67	\N	2012-05-04 11:32:54	2016-03-17 09:19:04.94469
2277	640	369	<	0.0960000008	\N	\N	67	\N	2012-05-04 11:32:54	2016-03-17 09:19:04.94469
2278	640	373	\N	0.184	19.7000008	\N	67	\N	2012-05-04 11:32:54	2016-03-17 09:19:04.94469
2279	640	404	<	0.606999993	\N	\N	67	\N	2012-05-04 11:32:54	2016-03-17 09:19:04.94469
6452	788	720	\N	0	0	0	247	f	2016-03-07 10:55:54.243	2016-03-17 09:19:04.94469
6460	788	185	\N	0	0	0	164	f	2016-03-07 10:58:13	2016-03-17 09:19:04.94469
200	788	2	\N	15.2635765	2.70000005	\N	67	\N	2012-05-30 09:36:31	2016-03-17 09:19:04.94469
201	788	28	\N	88.9598236	1.29999995	\N	67	\N	2012-05-30 09:36:31	2016-03-17 09:19:04.94469
202	788	68	<	0.112214267	\N	\N	67	\N	2012-05-30 09:36:31	2016-03-17 09:19:04.94469
203	788	220	<	0.101773247	\N	\N	67	\N	2012-05-30 09:36:31	2016-03-17 09:19:04.94469
204	788	222	<	0.939999998	0	0	69	f	2016-03-07 10:57:58.509	2016-03-17 09:19:04.94469
205	788	325	<	0.219999999	0	0	67	f	2016-03-07 10:57:50.126	2016-03-17 09:19:04.94469
206	788	340	<	0.137293845	\N	\N	67	\N	2012-05-30 09:36:31	2016-03-17 09:19:04.94469
207	788	369	<	0.100221999	\N	\N	67	\N	2012-05-30 09:36:31	2016-03-17 09:19:04.94469
208	788	373	\N	0.594288528	5.5999999	\N	67	\N	2012-05-30 09:36:31	2016-03-17 09:19:04.94469
209	788	404	<	0.474219084	\N	\N	67	\N	2012-05-30 09:36:31	2016-03-17 09:19:04.94469
3453	901	28	\N	54.1870003	4.69999981	\N	67	\N	2012-06-19 09:31:23	2016-03-17 09:19:04.94469
3454	901	68	<	0.112000003	\N	\N	67	\N	2012-06-19 09:31:23	2016-03-17 09:19:04.94469
3455	901	220	<	0.0960000008	\N	\N	67	\N	2012-06-19 09:31:23	2016-03-17 09:19:04.94469
3456	901	340	<	0.101000004	\N	\N	67	\N	2012-06-19 09:31:23	2016-03-17 09:19:04.94469
3457	901	369	<	0.112000003	\N	\N	67	\N	2012-06-19 09:31:23	2016-03-17 09:19:04.94469
3458	901	373	<	0.122000001	\N	\N	67	\N	2012-06-19 09:31:23	2016-03-17 09:19:04.94469
3459	901	404	<	0.662999988	\N	\N	67	\N	2012-06-19 09:31:23	2016-03-17 09:19:04.94469
6388	900	2	\N	21.1653118	4.69999981	\N	65	\N	2012-01-23 08:56:08	2016-03-17 09:19:04.94469
6389	900	28	\N	327.749023	1.70000005	\N	65	\N	2012-01-23 08:56:08	2016-03-17 09:19:04.94469
6390	900	68	<	0.266908705	\N	\N	65	\N	2012-01-23 08:56:08	2016-03-17 09:19:04.94469
6391	900	220	<	0.323401988	\N	\N	65	\N	2012-01-23 08:56:08	2016-03-17 09:19:04.94469
6392	900	222	<	2.63727188	\N	\N	65	\N	2012-01-23 08:56:08	2016-03-17 09:19:04.94469
6393	900	325	<	1.87468529	\N	\N	65	\N	2012-01-23 08:56:08	2016-03-17 09:19:04.94469
6394	900	340	<	0.62747407	\N	\N	65	\N	2012-01-23 08:56:08	2016-03-17 09:19:04.94469
6395	900	369	<	0.272286355	\N	\N	65	\N	2012-01-23 08:56:08	2016-03-17 09:19:04.94469
6396	900	373	<	0.302946687	\N	\N	65	\N	2012-01-23 08:56:08	2016-03-17 09:19:04.94469
6397	900	404	<	2.15960836	\N	\N	65	\N	2012-01-23 08:56:08	2016-03-17 09:19:04.94469
211	789	28	\N	264.39502	0.800000012	\N	65	\N	2012-02-06 08:57:51	2016-03-17 09:19:04.94469
212	789	68	<	0.156867474	\N	\N	65	\N	2012-02-06 08:57:51	2016-03-17 09:19:04.94469
213	789	220	<	0.126424253	\N	\N	65	\N	2012-02-06 08:57:51	2016-03-17 09:19:04.94469
214	789	222	<	1.20922339	\N	\N	65	\N	2012-02-06 08:57:51	2016-03-17 09:19:04.94469
215	789	325	<	0.378945202	\N	\N	65	\N	2012-02-06 08:57:51	2016-03-17 09:19:04.94469
216	789	340	<	0.193785265	\N	\N	65	\N	2012-02-06 08:57:51	2016-03-17 09:19:04.94469
217	789	369	<	0.132164389	\N	\N	65	\N	2012-02-06 08:57:51	2016-03-17 09:19:04.94469
218	789	373	<	0.142245218	\N	\N	65	\N	2012-02-06 08:57:51	2016-03-17 09:19:04.94469
219	789	404	<	0.511382818	\N	\N	65	\N	2012-02-06 08:57:51	2016-03-17 09:19:04.94469
180	785	2	\N	195.068253	2	\N	65	\N	2012-05-30 09:36:31	2016-03-17 09:19:04.94469
181	785	28	\N	642.813538	0.899999976	\N	65	\N	2012-05-30 09:36:31	2016-03-17 09:19:04.94469
182	785	68	<	0.350022882	\N	\N	65	\N	2012-05-30 09:36:31	2016-03-17 09:19:04.94469
183	785	220	<	0.324094564	\N	\N	65	\N	2012-05-30 09:36:31	2016-03-17 09:19:04.94469
184	785	222	<	2.90925121	\N	\N	65	\N	2012-05-30 09:36:31	2016-03-17 09:19:04.94469
185	785	325	<	0.886366427	\N	\N	65	\N	2012-05-30 09:36:31	2016-03-17 09:19:04.94469
186	785	340	<	0.47857362	\N	\N	65	\N	2012-05-30 09:36:31	2016-03-17 09:19:04.94469
187	785	369	<	0.322722137	\N	\N	65	\N	2012-05-30 09:36:31	2016-03-17 09:19:04.94469
188	785	373	\N	0.486364335	18.2000008	\N	65	\N	2012-05-30 09:36:31	2016-03-17 09:19:04.94469
189	785	404	<	2.09769201	\N	\N	65	\N	2012-05-30 09:36:31	2016-03-17 09:19:04.94469
2559	533	2	\N	13.1285	8.5	\N	65	\N	2012-05-24 12:45:00	2016-03-17 09:19:04.94469
2560	533	28	\N	793.111023	2.0999999	\N	65	\N	2012-05-24 12:45:00	2016-03-17 09:19:04.94469
2561	533	68	<	0.238100007	\N	\N	65	\N	2012-05-24 12:45:00	2016-03-17 09:19:04.94469
2562	533	220	<	0.224900007	\N	\N	65	\N	2012-05-24 12:45:00	2016-03-17 09:19:04.94469
2563	533	340	<	0.567399979	\N	\N	65	\N	2012-05-24 12:45:00	2016-03-17 09:19:04.94469
2564	533	369	<	0.183799997	\N	\N	65	\N	2012-05-24 12:45:00	2016-03-17 09:19:04.94469
2565	533	373	\N	10.5309	1.79999995	\N	65	\N	2012-05-24 12:45:00	2016-03-17 09:19:04.94469
2566	533	404	<	1.55900002	\N	\N	65	\N	2012-05-24 12:45:00	2016-03-17 09:19:04.94469
2543	529	1	<	7.23999977	\N	\N	63	\N	2012-07-05 08:08:14	2016-03-17 09:19:04.94469
2544	530	28	\N	9.18099976	5.30000019	\N	63	\N	2012-06-04 14:03:58	2016-03-17 09:19:04.94469
2545	530	68	<	0.0340000018	\N	\N	63	\N	2012-06-04 14:03:58	2016-03-17 09:19:04.94469
2546	530	220	<	0.0430000015	\N	\N	63	\N	2012-06-04 14:03:58	2016-03-17 09:19:04.94469
2547	530	340	<	0.199000001	\N	\N	63	\N	2012-06-04 14:03:58	2016-03-17 09:19:04.94469
2548	530	369	<	0.0299999993	\N	\N	63	\N	2012-06-04 14:03:58	2016-03-17 09:19:04.94469
2549	530	373	<	0.0430000015	\N	\N	63	\N	2012-06-04 14:03:58	2016-03-17 09:19:04.94469
2550	530	404	<	0.223000005	\N	\N	63	\N	2012-06-04 14:03:58	2016-03-17 09:19:04.94469
2203	452	28	\N	35.2960014	4.69999981	\N	67	\N	2012-01-18 12:44:22	2016-03-17 09:19:04.94469
2204	452	68	<	0.075000003	\N	\N	67	\N	2012-01-18 12:44:22	2016-03-17 09:19:04.94469
2205	452	220	<	0.0710000023	\N	\N	67	\N	2012-01-18 12:44:22	2016-03-17 09:19:04.94469
2206	452	340	<	0.0930000022	\N	\N	67	\N	2012-01-18 12:44:22	2016-03-17 09:19:04.94469
2207	452	369	<	0.0649999976	\N	\N	67	\N	2012-01-18 12:44:22	2016-03-17 09:19:04.94469
2208	452	373	<	0.0879999995	\N	\N	67	\N	2012-01-18 12:44:22	2016-03-17 09:19:04.94469
2209	452	404	<	0.451999992	\N	\N	67	\N	2012-01-18 12:44:22	2016-03-17 09:19:04.94469
2196	451	28	\N	97.5049973	4.5999999	\N	67	\N	2012-01-20 10:42:22	2016-03-17 09:19:04.94469
2197	451	68	<	0.150000006	\N	\N	67	\N	2012-01-20 10:42:22	2016-03-17 09:19:04.94469
2198	451	220	<	0.135000005	\N	\N	67	\N	2012-01-20 10:42:22	2016-03-17 09:19:04.94469
2199	451	340	<	0.165999994	\N	\N	67	\N	2012-01-20 10:42:22	2016-03-17 09:19:04.94469
2200	451	369	<	0.136999995	\N	\N	67	\N	2012-01-20 10:42:22	2016-03-17 09:19:04.94469
2201	451	373	<	0.213	\N	\N	67	\N	2012-01-20 10:42:22	2016-03-17 09:19:04.94469
2202	451	404	<	0.949000001	\N	\N	67	\N	2012-01-20 10:42:22	2016-03-17 09:19:04.94469
2041	411	28	\N	116.545998	2.70000005	\N	67	\N	2012-02-29 14:37:51	2016-03-17 09:19:04.94469
2042	411	68	<	0.100199997	\N	\N	67	\N	2012-02-29 14:37:51	2016-03-17 09:19:04.94469
2043	411	220	<	0.0879300013	\N	\N	67	\N	2012-02-29 14:37:51	2016-03-17 09:19:04.94469
2044	411	340	<	0.143000007	\N	\N	67	\N	2012-02-29 14:37:51	2016-03-17 09:19:04.94469
2045	411	369	<	0.073239997	\N	\N	67	\N	2012-02-29 14:37:51	2016-03-17 09:19:04.94469
2046	411	373	<	0.0985900015	\N	\N	67	\N	2012-02-29 14:37:51	2016-03-17 09:19:04.94469
2047	411	404	<	0.593500018	\N	\N	67	\N	2012-02-29 14:37:51	2016-03-17 09:19:04.94469
3799	195	28	\N	1030	2.9000001	\N	65	\N	2012-07-12 11:40:58	2016-03-17 09:19:04.94469
3800	195	68	<	0.486999989	\N	\N	65	\N	2012-07-12 11:40:58	2016-03-17 09:19:04.94469
3801	195	220	<	0.31099999	\N	\N	65	\N	2012-07-12 11:40:58	2016-03-17 09:19:04.94469
3802	195	340	<	0.423999995	\N	\N	65	\N	2012-07-12 11:40:58	2016-03-17 09:19:04.94469
3803	195	369	<	0.324000001	\N	\N	65	\N	2012-07-12 11:40:58	2016-03-17 09:19:04.94469
3804	195	373	<	0.326999992	\N	\N	65	\N	2012-07-12 11:40:58	2016-03-17 09:19:04.94469
3805	195	404	<	1.58000004	\N	\N	65	\N	2012-07-12 11:40:58	2016-03-17 09:19:04.94469
\.


ALTER TABLE messwert ENABLE TRIGGER ALL;

--
-- TOC entry 4684 (class 0 OID 535636)
-- Dependencies: 225
-- Data for Name: ortszuordnung; Type: TABLE DATA; Schema: land; Owner: lada
--

ALTER TABLE ortszuordnung DISABLE TRIGGER ALL;

COPY ortszuordnung (id, probe_id, ort_id, ortszuordnung_typ, ortszusatztext, letzte_aenderung, tree_modified) FROM stdin;
614	660	97	E	\N	2013-08-12 07:57:26.600695	2016-03-17 09:19:04.94469
297	409	69	E	\N	2013-08-12 07:57:26.600695	2016-03-17 09:19:04.94469
820	42	23	E	\N	2013-08-12 07:57:26.600695	2016-03-17 09:19:04.94469
853	313	86	E	\N	2013-08-12 07:57:26.600695	2016-03-17 09:19:04.94469
525	311	86	E	\N	2013-08-12 07:57:26.600695	2016-03-17 09:19:04.94469
683	112	86	E	\N	2013-08-12 07:57:26.600695	2016-03-17 09:19:04.94469
214	117	138	E	\N	2013-08-12 07:57:26.600695	2016-03-17 09:19:04.94469
719	307	86	E	\N	2013-08-12 07:57:26.600695	2016-03-17 09:19:04.94469
24	203	218	Z	\N	2013-08-12 07:57:26.510971	2016-03-17 09:19:04.94469
538	203	86	E	\N	2013-08-12 07:57:26.600695	2016-03-17 09:19:04.94469
793	357	23	E	\N	2013-08-12 07:57:26.600695	2016-03-17 09:19:04.94469
514	292	86	E	Region Rostow; IGW 2012	2013-08-12 07:57:26.600695	2016-03-17 09:19:04.94469
805	294	86	E	IGW 2012	2013-08-12 07:57:26.600695	2016-03-17 09:19:04.94469
409	25	129	E	\N	2013-08-12 07:57:26.600695	2016-03-17 09:19:04.94469
884	145	23	E	\N	2013-08-12 07:57:26.600695	2016-03-17 09:19:04.94469
818	4	76	E	\N	2013-08-12 07:57:26.600695	2016-03-17 09:19:04.94469
402	140	23	E	\N	2013-08-12 07:57:26.600695	2016-03-17 09:19:04.94469
859	284	86	E	\N	2013-08-12 07:57:26.600695	2016-03-17 09:19:04.94469
288	703	29	E	\N	2013-08-12 07:57:26.600695	2016-03-17 09:19:04.94469
552	301	86	E	IGW 2012, Region Riga	2013-08-12 07:57:26.600695	2016-03-17 09:19:04.94469
730	300	86	E	Region Krasnodar, IGW 2012	2013-08-12 07:57:26.600695	2016-03-17 09:19:04.94469
489	24	68	E	\N	2013-08-12 07:57:26.600695	2016-03-17 09:19:04.94469
573	296	86	E	\N	2013-08-12 07:57:26.600695	2016-03-17 09:19:04.94469
350	99	86	E	\N	2013-08-12 07:57:26.600695	2016-03-17 09:19:04.94469
40	194	33	Z	\N	2013-08-12 07:57:26.510971	2016-03-17 09:19:04.94469
864	194	86	E	\N	2013-08-12 07:57:26.600695	2016-03-17 09:19:04.94469
107	3	51	Z	\N	2013-08-12 07:57:26.510971	2016-03-17 09:19:04.94469
496	3	161	E	\N	2013-08-12 07:57:26.600695	2016-03-17 09:19:04.94469
124	1	156	Z	\N	2013-08-12 07:57:26.510971	2016-03-17 09:19:04.94469
882	1	12	E	\N	2013-08-12 07:57:26.600695	2016-03-17 09:19:04.94469
43	31	19	Z	\N	2013-08-12 07:57:26.510971	2016-03-17 09:19:04.94469
378	31	87	E	\N	2013-08-12 07:57:26.600695	2016-03-17 09:19:04.94469
761	84	74	E	\N	2013-08-12 07:57:26.600695	2016-03-17 09:19:04.94469
345	76	131	E	\N	2013-08-12 07:57:26.600695	2016-03-17 09:19:04.94469
261	88	87	E	\N	2013-08-12 07:57:26.600695	2016-03-17 09:19:04.94469
59	180	140	Z	\N	2013-08-12 07:57:26.510971	2016-03-17 09:19:04.94469
569	180	86	E	\N	2013-08-12 07:57:26.600695	2016-03-17 09:19:04.94469
36	97	64	Z	\N	2013-08-12 07:57:26.510971	2016-03-17 09:19:04.94469
226	97	5	E	\N	2013-08-12 07:57:26.600695	2016-03-17 09:19:04.94469
143	91	85	Z	\N	2013-08-12 07:57:26.510971	2016-03-17 09:19:04.94469
895	91	26	E	\N	2013-08-12 07:57:26.600695	2016-03-17 09:19:04.94469
186	186	165	Z	\N	2013-08-12 07:57:26.510971	2016-03-17 09:19:04.94469
838	186	86	E	\N	2013-08-12 07:57:26.600695	2016-03-17 09:19:04.94469
138	174	165	Z	\N	2013-08-12 07:57:26.510971	2016-03-17 09:19:04.94469
228	174	86	E	\N	2013-08-12 07:57:26.600695	2016-03-17 09:19:04.94469
169	160	165	Z	\N	2013-08-12 07:57:26.510971	2016-03-17 09:19:04.94469
568	160	86	E	\N	2013-08-12 07:57:26.600695	2016-03-17 09:19:04.94469
78	200	223	Z	\N	2013-08-12 07:57:26.510971	2016-03-17 09:19:04.94469
399	200	86	E	\N	2013-08-12 07:57:26.600695	2016-03-17 09:19:04.94469
65	45	173	Z	\N	2013-08-12 07:57:26.510971	2016-03-17 09:19:04.94469
625	45	12	E	\N	2013-08-12 07:57:26.600695	2016-03-17 09:19:04.94469
8	55	173	Z	\N	2013-08-12 07:57:26.510971	2016-03-17 09:19:04.94469
854	55	12	E	\N	2013-08-12 07:57:26.600695	2016-03-17 09:19:04.94469
116	69	61	Z	\N	2013-08-12 07:57:26.510971	2016-03-17 09:19:04.94469
416	69	87	E	\N	2013-08-12 07:57:26.600695	2016-03-17 09:19:04.94469
166	67	61	Z	\N	2013-08-12 07:57:26.510971	2016-03-17 09:19:04.94469
753	67	87	E	\N	2013-08-12 07:57:26.600695	2016-03-17 09:19:04.94469
173	70	198	Z	\N	2013-08-12 07:57:26.510971	2016-03-17 09:19:04.94469
336	70	29	E	\N	2013-08-12 07:57:26.600695	2016-03-17 09:19:04.94469
85	65	198	Z	\N	2013-08-12 07:57:26.510971	2016-03-17 09:19:04.94469
500	65	29	E	\N	2013-08-12 07:57:26.600695	2016-03-17 09:19:04.94469
919	78	127	E	\N	2013-08-12 07:57:26.600695	2016-03-17 09:19:04.94469
223	36	162	E	\N	2013-08-12 07:57:26.600695	2016-03-17 09:19:04.94469
803	157	86	E	\N	2013-08-12 07:57:26.600695	2016-03-17 09:19:04.94469
355	19	129	E	\N	2013-08-12 07:57:26.600695	2016-03-17 09:19:04.94469
377	707	86	E	\N	2013-08-12 07:57:26.600695	2016-03-17 09:19:04.94469
451	158	86	E	IGW 2012, Region Rostov	2013-08-12 07:57:26.600695	2016-03-17 09:19:04.94469
921	155	86	E	\N	2013-08-12 07:57:26.600695	2016-03-17 09:19:04.94469
833	73	131	E	\N	2013-08-12 07:57:26.600695	2016-03-17 09:19:04.94469
103	71	168	Z	\N	2013-08-12 07:57:26.510971	2016-03-17 09:19:04.94469
521	71	4	E	\N	2013-08-12 07:57:26.600695	2016-03-17 09:19:04.94469
842	354	23	E	\N	2013-08-12 07:57:26.600695	2016-03-17 09:19:04.94469
705	353	102	E	\N	2013-08-12 07:57:26.600695	2016-03-17 09:19:04.94469
874	353	102	U	\N	2013-08-12 07:57:26.600695	2016-03-17 09:19:04.94469
460	147	190	E	\N	2013-08-12 07:57:26.600695	2016-03-17 09:19:04.94469
333	406	42	E	\N	2013-08-12 07:57:26.600695	2016-03-17 09:19:04.94469
\.


ALTER TABLE ortszuordnung ENABLE TRIGGER ALL;

--
-- TOC entry 4686 (class 0 OID 535649)
-- Dependencies: 227
-- Data for Name: probe_translation; Type: TABLE DATA; Schema: land; Owner: lada
--

ALTER TABLE probe_translation DISABLE TRIGGER ALL;

COPY probe_translation (id, probe_id, probe_id_alt) FROM stdin;
1	1	000007581034X
724	724	sss000000000014Y
3	3	000007581040X
4	4	000007587554X
725	725	sss000000000015Y
727	727	sss000000000017Y
728	728	sss000000000018Y
729	729	sss000000000019Y
730	730	sss000000000020Y
731	731	sss000000000021Y
733	733	sss000000000023Y
19	19	000007587671X
24	24	000007587691X
25	25	000007587696X
31	31	000007578204X
36	36	000007578214X
42	42	000007578227X
45	45	000007578239X
55	55	000007578259X
65	65	000007578279X
67	67	000007578283X
69	69	000007578287X
70	70	000007578289X
71	71	000007578291X
73	73	000007578295X
76	76	000007578301X
78	78	000007578303X
84	84	000007578312X
88	88	000007578316X
91	91	000007578319X
97	97	000007578331X
99	99	000007575726X
112	112	000007575752X
117	117	000007578031X
140	140	000007578082X
145	145	000007578087X
147	147	000007578141X
155	155	000007575767X
157	157	000007575772X
726	726	sss000000000016Y
159	158	000007575778X
732	732	sss000000000022Y
161	160	000007575783X
175	174	000007575807X
181	180	000007575819X
187	186	000007575831X
195	194	000007575847X
201	200	000007575856X
204	203	000007575864X
284	284	000007575917X
292	292	000007575939X
294	294	000007575941X
296	296	000007575943X
300	300	000007575949X
301	301	000007575950X
307	307	000007575960X
311	311	000007575967X
313	313	000007575969X
353	353	000007578188X
354	354	000007578191X
357	357	000007578195X
407	406	000007589328X
410	409	000007589343X
660	660	000007590041X
703	703	000007590316X
707	707	000007613597X
\.


ALTER TABLE probe_translation ENABLE TRIGGER ALL;

--
-- TOC entry 4701 (class 0 OID 0)
-- Dependencies: 228
-- Name: probe_translation_id_seq; Type: SEQUENCE SET; Schema: land; Owner: lada
--

SELECT pg_catalog.setval('probe_translation_id_seq', 733, true);


--
-- TOC entry 4688 (class 0 OID 535655)
-- Dependencies: 229
-- Data for Name: status_protokoll; Type: TABLE DATA; Schema: land; Owner: lada
--

ALTER TABLE status_protokoll DISABLE TRIGGER ALL;

COPY status_protokoll (id, erzeuger, datum, text, messungs_id, status_stufe, status_wert, tree_modified) FROM stdin;
571	12020	2016-02-29 21:53:01.736444	Test	179	1	0	2016-03-17 09:19:04.94469
572	12010	2016-02-29 21:53:01.736444	Test	198	1	0	2016-03-17 09:19:04.94469
573	06010	2016-02-29 21:53:01.736444	Test	646	1	0	2016-03-17 09:19:04.94469
574	11010	2016-02-29 21:53:01.736444	Test	699	1	0	2016-03-17 09:19:04.94469
575	11010	2016-02-29 21:53:01.736444	Test	697	1	0	2016-03-17 09:19:04.94469
579	11010	2016-02-29 21:53:01.736444	Test	765	1	0	2016-03-17 09:19:04.94469
578	11010	2016-02-29 21:53:01.736444	Test	764	1	0	2016-03-17 09:19:04.94469
576	06060	2016-02-29 21:53:01.736444	Test	876	1	0	2016-03-17 09:19:04.94469
577	06060	2016-02-29 21:53:01.736444	Test	877	1	0	2016-03-17 09:19:04.94469
580	11010	2016-02-29 21:53:01.736444	Test	693	1	0	2016-03-17 09:19:04.94469
581	11010	2016-02-29 21:53:01.736444	Test	604	1	0	2016-03-17 09:19:04.94469
582	06010	2016-02-29 21:53:01.736444	Test	455	1	0	2016-03-17 09:19:04.94469
583	11010	2016-02-29 21:53:01.736444	Test	677	1	0	2016-03-17 09:19:04.94469
584	11010	2016-02-29 21:53:01.736444	Test	679	1	0	2016-03-17 09:19:04.94469
585	06010	2016-02-29 21:53:01.736444	Test	907	1	0	2016-03-17 09:19:04.94469
586	06010	2016-02-29 21:53:01.736444	Test	409	1	0	2016-03-17 09:19:04.94469
587	06010	2016-02-29 21:53:01.736444	Test	45	1	0	2016-03-17 09:19:04.94469
588	06010	2016-02-29 21:53:01.736444	Test	404	1	0	2016-03-17 09:19:04.94469
589	11010	2016-02-29 21:53:01.736444	Test	669	1	0	2016-03-17 09:19:04.94469
590	06010	2016-02-29 21:53:01.736444	Test	382	1	0	2016-03-17 09:19:04.94469
591	11010	2016-02-29 21:53:01.736444	Test	687	1	0	2016-03-17 09:19:04.94469
592	11010	2016-02-29 21:53:01.736444	Test	686	1	0	2016-03-17 09:19:04.94469
593	06010	2016-02-29 21:53:01.736444	Test	906	1	0	2016-03-17 09:19:04.94469
594	11010	2016-02-29 21:53:01.736444	Test	682	1	0	2016-03-17 09:19:04.94469
595	11010	2016-02-29 21:53:01.736444	Test	749	1	0	2016-03-17 09:19:04.94469
596	11010	2016-02-29 21:53:01.736444	Test	855	1	0	2016-03-17 09:19:04.94469
597	11010	2016-02-29 21:53:01.736444	Test	856	1	0	2016-03-17 09:19:04.94469
598	11010	2016-02-29 21:53:01.736444	Test	857	1	0	2016-03-17 09:19:04.94469
599	11010	2016-02-29 21:53:01.736444	Test	858	1	0	2016-03-17 09:19:04.94469
600	11010	2016-02-29 21:53:01.736444	Test	859	1	0	2016-03-17 09:19:04.94469
601	06010	2016-02-29 21:53:01.736444	Test	781	1	0	2016-03-17 09:19:04.94469
602	06010	2016-02-29 21:53:01.736444	Test	782	1	0	2016-03-17 09:19:04.94469
603	06010	2016-02-29 21:53:01.736444	Test	783	1	0	2016-03-17 09:19:04.94469
604	06010	2016-02-29 21:53:01.736444	Test	784	1	0	2016-03-17 09:19:04.94469
605	06010	2016-02-29 21:53:01.736444	Test	776	1	0	2016-03-17 09:19:04.94469
606	06010	2016-02-29 21:53:01.736444	Test	777	1	0	2016-03-17 09:19:04.94469
607	06010	2016-02-29 21:53:01.736444	Test	778	1	0	2016-03-17 09:19:04.94469
608	06010	2016-02-29 21:53:01.736444	Test	779	1	0	2016-03-17 09:19:04.94469
609	06010	2016-02-29 21:53:01.736444	Test	457	1	0	2016-03-17 09:19:04.94469
610	06010	2016-02-29 21:53:01.736444	Test	546	1	0	2016-03-17 09:19:04.94469
611	06010	2016-02-29 21:53:01.736444	Test	547	1	0	2016-03-17 09:19:04.94469
612	06010	2016-02-29 21:53:01.736444	Test	536	1	0	2016-03-17 09:19:04.94469
613	06010	2016-02-29 21:53:01.736444	Test	552	1	0	2016-03-17 09:19:04.94469
614	06010	2016-02-29 21:53:01.736444	Test	553	1	0	2016-03-17 09:19:04.94469
615	11010	2016-02-29 21:53:01.736444	Test	841	1	0	2016-03-17 09:19:04.94469
616	06010	2016-02-29 21:53:01.736444	Test	574	1	0	2016-03-17 09:19:04.94469
617	06060	2016-02-29 21:53:01.736444	Test	558	1	0	2016-03-17 09:19:04.94469
618	06060	2016-02-29 21:53:01.736444	Test	559	1	0	2016-03-17 09:19:04.94469
619	11010	2016-02-29 21:53:01.736444	Test	847	1	0	2016-03-17 09:19:04.94469
620	11010	2016-02-29 21:53:01.736444	Test	835	1	0	2016-03-17 09:19:04.94469
621	11010	2016-02-29 21:53:01.736444	Test	792	1	0	2016-03-17 09:19:04.94469
622	11010	2016-02-29 21:53:01.736444	Test	793	1	0	2016-03-17 09:19:04.94469
623	11010	2016-02-29 21:53:01.736444	Test	794	1	0	2016-03-17 09:19:04.94469
624	11010	2016-02-29 21:53:01.736444	Test	795	1	0	2016-03-17 09:19:04.94469
625	11010	2016-02-29 21:53:01.736444	Test	796	1	0	2016-03-17 09:19:04.94469
626	11010	2016-02-29 21:53:01.736444	Test	593	1	0	2016-03-17 09:19:04.94469
627	11010	2016-02-29 21:53:01.736444	Test	594	1	0	2016-03-17 09:19:04.94469
628	11010	2016-02-29 21:53:01.736444	Test	595	1	0	2016-03-17 09:19:04.94469
629	11010	2016-02-29 21:53:01.736444	Test	596	1	0	2016-03-17 09:19:04.94469
630	11010	2016-02-29 21:53:01.736444	Test	597	1	0	2016-03-17 09:19:04.94469
631	06010	2016-02-29 21:53:01.736444	Test	649	1	0	2016-03-17 09:19:04.94469
632	06010	2016-02-29 21:53:01.736444	Test	499	1	0	2016-03-17 09:19:04.94469
633	06010	2016-02-29 21:53:01.736444	Test	517	1	0	2016-03-17 09:19:04.94469
634	06010	2016-02-29 21:53:01.736444	Test	515	1	0	2016-03-17 09:19:04.94469
635	06010	2016-02-29 21:53:01.736444	Test	518	1	0	2016-03-17 09:19:04.94469
636	06010	2016-02-29 21:53:01.736444	Test	513	1	0	2016-03-17 09:19:04.94469
637	06010	2016-02-29 21:53:01.736444	Test	538	1	0	2016-03-17 09:19:04.94469
638	06010	2016-02-29 21:53:01.736444	Test	539	1	0	2016-03-17 09:19:04.94469
639	06010	2016-02-29 21:53:01.736444	Test	639	1	0	2016-03-17 09:19:04.94469
640	06010	2016-02-29 21:53:01.736444	Test	640	1	0	2016-03-17 09:19:04.94469
645	11010	2016-02-29 21:53:01.736444	Test	788	1	0	2016-03-17 09:19:04.94469
641	06010	2016-02-29 21:53:01.736444	Test	901	1	0	2016-03-17 09:19:04.94469
642	11010	2016-02-29 21:53:01.736444	Test	900	1	0	2016-03-17 09:19:04.94469
643	11010	2016-02-29 21:53:01.736444	Test	789	1	0	2016-03-17 09:19:04.94469
646	11010	2016-02-29 21:53:01.736444	Test	785	1	0	2016-03-17 09:19:04.94469
647	06060	2016-02-29 21:53:01.736444	Test	533	1	0	2016-03-17 09:19:04.94469
648	06010	2016-02-29 21:53:01.736444	Test	529	1	0	2016-03-17 09:19:04.94469
649	06010	2016-02-29 21:53:01.736444	Test	530	1	0	2016-03-17 09:19:04.94469
650	06010	2016-02-29 21:53:01.736444	Test	452	1	0	2016-03-17 09:19:04.94469
651	06010	2016-02-29 21:53:01.736444	Test	451	1	0	2016-03-17 09:19:04.94469
653	06060	2016-02-29 21:53:01.736444	Test	411	1	0	2016-03-17 09:19:04.94469
654	12020	2016-02-29 21:53:01.736444	Test	195	1	0	2016-03-17 09:19:04.94469
\.


ALTER TABLE status_protokoll ENABLE TRIGGER ALL;

--
-- TOC entry 4689 (class 0 OID 535664)
-- Dependencies: 230
-- Data for Name: zusatz_wert; Type: TABLE DATA; Schema: land; Owner: lada
--

ALTER TABLE zusatz_wert DISABLE TRIGGER ALL;

COPY zusatz_wert (id, probe_id, pzs_id, messwert_pzs, messfehler, letzte_aenderung, nwg_zu_messwert, tree_modified) FROM stdin;
27	729	A78	0	0	2016-03-07 14:42:55	0	2016-03-17 09:19:04.94469
24	726	A78	0	0	2016-03-07 11:27:48	0	2016-03-17 09:19:04.94469
25	726	A45	0	0	2016-03-07 11:27:48	0	2016-03-17 09:19:04.94469
28	730	A06	10	0	2016-03-07 15:37:47	0	2016-03-17 09:19:04.94469
29	730	A45	100	10	2016-03-07 16:07:59	0	2016-03-17 09:19:04.94469
30	730	A46	6	1	2016-03-07 14:42:55	4	2016-03-17 09:19:04.94469
1	84	A76	7.5	48	2012-04-23 12:32:56	\N	2016-03-17 09:19:04.94469
26	186	A78	0	0	2016-03-07 12:32:37	0	2016-03-17 09:19:04.94469
21	157	A78	0	2	2016-03-07 10:26:00	2	2016-03-17 09:19:04.94469
\.


ALTER TABLE zusatz_wert ENABLE TRIGGER ALL;



SET search_path = bund, pg_catalog;

SELECT pg_catalog.setval('kommentar_id_seq', 661, true);

SELECT pg_catalog.setval('messung_id_seq', 1009, true);

SELECT pg_catalog.setval('messwert_id_seq', 6471, true);

SELECT pg_catalog.setval('ort_id_seq', 921, true);

SELECT pg_catalog.setval('probe_id_seq', 733, true);

SELECT pg_catalog.setval('zusatz_wert_id_seq', 30, true);


--
-- PostgreSQL database dump complete
--

